"","Genome","Response"
"1","2562617177",1
"2","2932994958",0
"3","2517572146",0
"4","2651870361",1
"5","2510461053",1
"6","2913345020",1
"7","2588253727",1
"8","2784746776",0
"9","2861688124",0
"10","2728368908",0
"11","2596583685",0
"12","2828617574",0
"13","2654587740",1
"14","2690315663",1
"15","2512047040",1
"16","648028002",1
"17","2693429901",1
"18","2695420966",1
"19","651324002",1
"20","2848483936",1
"21","2619619113",1
"22","2775506885",1
"23","2556921630",1
"24","637000158",1
"25","2545824542",1
"26","2840653046",1
"27","2826166747",1
"28","2558860159",1
"29","2880936730",1
"30","2534682370",1
"31","2808606751",1
"32","2619619112",1
"33","2548877170",1
"34","2599185234",1
"35","646311901",1
"36","2927569001",0
"37","648028003",1
"38","644736322",0
"39","2681812815",0
"40","2882000052",0
"41","2681813050",0
"42","2751185777",0
"43","2811995294",0
"44","2824077352",0
"45","643348501",0
"46","2510461056",0
"47","643692001",0
"48","2582581264",0
"49","2556921625",0
"50","2784746772",0
"51","639633001",0
"52","2636416192",0
"53","2818991434",0
"54","2671180230",0
"55","2690315601",0
"56","647533101",0
"57","2565956683",0
"58","2565956701",0
"59","2565956640",0
"60","2565956688",0
"61","2671180229",0
"62","2565956682",0
"63","2657245517",0
"64","2547132303",0
"65","2767802243",0
"66","2565956665",0
"67","2791355506",0
"68","2767802242",0
"69","2690315737",0
"70","2565956662",0
"71","2648501117",0
"72","2791355507",0
"73","2565956694",0
"74","2534682023",0
"75","2916672942",0
"76","2565956705",0
"77","2565956692",0
"78","2582581441",0
"79","2881054222",0
"80","2627854244",0
"81","2663763131",0
"82","2537561556",0
"83","2534682021",0
"84","2956887615",0
"85","2671180219",0
"86","2675903034",0
"87","2724679174",0
"88","2896889116",0
"89","2767802241",0
"90","2547132300",0
"91","2671180220",0
"92","2565956686",0
"93","2582580904",0
"94","2671180619",0
"95","2663763040",0
"96","2675903032",0
"97","2547132305",0
"98","2791355509",0
"99","2537561555",0
"100","2791355508",0
"101","2724679206",0
"102","2565956687",0
"103","2671180233",0
"104","2916665939",0
"105","2547132307",0
"106","2565956681",0
"107","2565956690",0
"108","2896873532",0
"109","2814123059",0
"110","2660238584",0
"111","2565956702",0
"112","2885727573",0
"113","2700989278",0
"114","2565956698",0
"115","2565956655",0
"116","2565956684",0
"117","2565956661",0
"118","2923033099",0
"119","2767802240",0
"120","2816332138",0
"121","2585427525",0
"122","2615840661",0
"123","2563366745",0
"124","2808606643",1
"125","648276605",1
"126","640753001",1
"127","2597489880",1
"128","649989900",1
"129","2585427650",1
"130","2675903157",1
"131","2524614758",0
"132","2751185683",0
"133","2784132147",0
"134","2731957505",0
"135","2596583538",0
"136","2518285603",0
"137","2596583621",0
"138","2528768220",0
"139","2616644847",0
"140","2519899649",0
"141","2870794168",0
"142","2844992467",0
"143","2870759924",0
"144","2634166348",0
"145","2731957572",0
"146","2571042017",0
"147","651717003",0
"148","651717042",0
"149","2731957574",0
"150","2844792859",0
"151","2731957575",0
"152","2634166331",0
"153","2724679706",0
"154","2700988714",0
"155","2861542065",0
"156","2540341222",0
"157","2728369498",0
"158","2731957576",0
"159","2778260945",0
"160","2728369515",0
"161","2880505610",0
"162","2806310649",1
"163","643886017",1
"164","2523533597",1
"165","2808606642",1
"166","2523231019",1
"167","2524023137",1
"168","2751185834",1
"169","2857276557",1
"170","2867030179",1
"171","2870625619",1
"172","2843235134",1
"173","2865869608",1
"174","2548876973",1
"175","2634166153",1
"176","2531839542",1
"177","2855319728",1
"178","2524023166",1
"179","2867461147",1
"180","2687453525",1
"181","2630968294",1
"182","2524614860",1
"183","2523231055",1
"184","2548877015",1
"185","643886015",1
"186","2523533527",1
"187","2868359304",1
"188","2515154015",0
"189","2756170300",0
"190","2917960780",0
"191","2724679919",0
"192","2634166338",0
"193","2873451178",0
"194","2866457054",0
"195","2515154017",0
"196","2728369518",0
"197","2775506939",0
"198","2873296955",0
"199","2513237176",0
"200","2675903218",0
"201","2751185783",0
"202","2724679777",0
"203","651716759",0
"204","2515154155",0
"205","2827628540",0
"206","2880531579",0
"207","2830934857",0
"208","2517287026",0
"209","2516493031",0
"210","2751185703",0
"211","2510065062",0
"212","644736323",0
"213","2814123198",0
"214","2596583522",0
"215","2757320831",0
"216","2511231049",0
"217","2831651148",0
"218","2563367219",0
"219","2574179708",0
"220","2597489914",0
"221","2524023091",0
"222","2889625949",0
"223","2524023070",0
"224","2509276063",0
"225","2667527447",0
"226","2788500099",1
"227","2687453475",0
"228","2687453481",0
"229","2687453482",0
"230","2687453476",0
"231","647000207",0
"232","2918376121",0
"233","2866597551",0
"234","645951844",0
"235","2833982808",0
"236","2648501309",1
"237","2639762835",1
"238","639633004",1
"239","2700989550",1
"240","2923402010",0
"241","2537561905",0
"242","2537561906",0
"243","2537561903",0
"244","2788500104",1
"245","2515154019",1
"246","2841352428",1
"247","2868668594",1
"248","649989906",1
"249","2630968525",0
"250","2708742395",0
"251","2728368991",0
"252","2835022881",0
"253","2781126042",0
"254","2524023149",0
"255","2867580314",0
"256","2893554490",0
"257","2698536811",0
"258","2893688764",0
"259","2880787586",0
"260","2852717997",0
"261","2895207311",0
"262","2808606372",0
"263","2799112209",1
"264","2524023187",0
"265","2734481940",0
"266","2693429859",0
"267","642555104",1
"268","2593339279",0
"269","2663762716",0
"270","637000004",0
"271","2600255029",0
"272","2654587648",0
"273","2861381790",0
"274","2791354951",0
"275","2634166310",0
"276","2772190795",0
"277","2739367658",0
"278","2599185235",0
"279","2698536714",0
"280","2523533553",0
"281","2523533625",0
"282","2622736437",0
"283","2523231017",0
"284","650716008",0
"285","2731957568",0
"286","644736325",0
"287","2558860250",0
"288","2524023143",0
"289","2926473819",0
"290","2523533552",0
"291","2634166329",0
"292","2731957595",0
"293","2675903231",0
"294","2513237116",0
"295","2756170229",0
"296","2731957596",0
"297","2731957577",0
"298","2681813550",0
"299","2509601035",1
"300","2517572213",1
"301","641736205",1
"302","650377904",1
"303","2926601655",0
"304","2926477431",0
"305","2582581275",1
"306","2731639256",1
"307","2889707501",0
"308","2509276023",1
"309","640753002",1
"310","2558309003",1
"311","2595698240",0
"312","2516493028",0
"313","646564502",0
"314","2675903030",0
"315","2910232080",1
"316","2718217988",1
"317","2784746783",1
"318","2518285549",0
"319","2537561904",0
"320","2772190681",0
"321","2820962504",0
"322","2524614631",0
"323","2524023062",0
"324","2756170234",1
"325","2829777543",0
"326","2808606775",0
"327","2829772224",0
"328","646564503",1
"329","2541046969",1
"330","2502790015",1
"331","646311904",1
"332","2831905167",0
"333","2524023219",1
"334","2854996976",0
"335","2642422517",0
"336","2537562147",0
"337","2517434013",0
"338","2517287020",0
"339","2854982711",0
"340","2545824682",0
"341","2778260928",0
"342","2585427649",0
"343","2751185827",0
"344","2865893607",0
"345","2772190668",0
"346","2634166275",0
"347","2873422137",0
"348","2648501726",0
"349","2667527405",0
"350","2511231181",0
"351","2517572242",0
"352","2515075013",0
"353","2554235102",0
"354","2866120936",0
"355","2675903153",0
"356","2634166327",0
"357","2675903692",0
"358","2634166333",0
"359","2675903226",0
"360","2630968289",0
"361","2512564010",0
"362","2634166899",0
"363","2772190728",0
"364","2524614635",1
"365","2698536991",1
"366","2964375228",1
"367","2698536990",1
"368","2630968384",1
"369","2770939622",1
"370","2509601011",1
"371","2599185146",1
"372","2808606510",1
"373","2585428191",0
"374","2602042032",0
"375","642979323",1
"376","643886145",1
"377","2808606682",1
"378","644736326",1
"379","643886055",1
"380","645058761",1
"381","2634166351",1
"382","2861627031",1
"383","2585428173",1
"384","2582580727",1
"385","649633005",1
"386","2518285615",1
"387","2515154051",1
"388","2588253517",1
"389","2588254259",1
"390","2617271274",1
"391","641736227",0
"392","2861347227",1
"393","641736271",1
"394","2585428091",1
"395","2524614531",1
"396","646311905",0
"397","2851141142",0
"398","2654587855",0
"399","2563366762",0
"400","2645727852",0
"401","651716862",0
"402","2827996806",0
"403","2765235834",0
"404","2690315950",1
"405","2744054988",1
"406","643348508",1
"407","2627854177",1
"408","2861196614",1
"409","2654588147",1
"410","2829828734",1
"411","2619619037",0
"412","2784746799",0
"413","2770939570",0
"414","2597490351",0
"415","651324043",0
"416","2795385460",0
"417","2558309000",0
"418","2901110272",0
"419","2756170232",0
"420","637000010",0
"421","2506520046",0
"422","2799112219",0
"423","2693429858",0
"424","2523533620",0
"425","646564505",1
"426","2919380674",1
"427","2893686931",1
"428","2923642967",1
"429","638154502",0
"430","646311906",0
"431","2504136002",0
"432","2654587630",0
"433","2873822735",0
"434","2671180960",0
"435","2835195961",0
"436","2524614535",0
"437","2634166197",0
"438","2524023227",0
"439","2806310726",0
"440","2844849076",0
"441","2903049818",0
"442","2903061041",0
"443","2675903326",0
"444","2866276103",0
"445","2903042205",0
"446","2831304190",0
"447","2791355138",0
"448","2866268577",0
"449","2866272416",0
"450","2893696664",0
"451","2893550850",0
"452","2918386808",0
"453","2893579105",0
"454","2639762519",0
"455","2778260948",0
"456","651285000",0
"457","649633007",0
"458","2546825536",0
"459","2523231056",1
"460","2667527893",1
"461","644736327",1
"462","2834436906",1
"463","648276620",1
"464","2524023159",0
"465","2582581273",0
"466","2636415982",0
"467","2894400626",1
"468","2842988149",1
"469","2823233258",1
"470","2835125569",0
"471","2756170240",0
"472","2518645585",0
"473","2596583523",0
"474","641228476",0
"475","2547132512",0
"476","2846952575",1
"477","2828314363",1
"478","2522572158",1
"479","2524023250",1
"480","2597490340",0
"481","2802428852",0
"482","2523533527",1
"483","2890278133",0
"484","2519899572",0
"485","649633008",0
"486","641736173",0
"487","2698536990",1
"488","2524023181",0
"489","2537561923",0
"490","2861430565",0
"491","637000017",1
"492","2898074128",0
"493","2811995369",0
"494","2630968645",0
"495","2773857892",0
"496","2744054489",0
"497","2517572148",0
"498","2916908848",0
"499","2834688942",0
"500","2913365302",0
"501","2523533616",0
"502","2916848559",0
"503","2636416074",0
"504","2731957965",0
"505","2926514369",0
"506","2754412937",0
"507","2773857802",0
"508","639279304",1
"509","2630968384",1
"510","2645727550",0
"511","2639762878",0
"512","2545555827",0
"513","643886175",0
"514","2630968697",0
"515","2731957675",0
"516","2648501690",0
"517","2916858470",0
"518","2630968651",0
"519","643886172",0
"520","2675903167",0
"521","2547132175",1
"522","2687453787",0
"523","642791616",0
"524","2890201742",0
"525","2675903597",0
"526","646564509",1
"527","2651869806",0
"528","2684623075",0
"529","2823415468",0
"530","2654588021",0
"531","2731957676",0
"532","2843246524",0
"533","646311909",1
"534","643886085",1
"535","646564511",0
"536","2880152234",0
"537","2926552592",0
"538","2645728032",0
"539","2565956591",1
"540","640963023",1
"541","642791613",1
"542","640753039",1
"543","642979370",1
"544","642979334",1
"545","2562617142",1
"546","637000024",1
"547","649633012",1
"548","642791621",1
"549","2585427948",1
"550","640963016",1
"551","641380449",1
"552","642979351",1
"553","2574180081",1
"554","641736196",1
"555","2576861690",1
"556","2600255083",1
"557","637000026",1
"558","641380447",1
"559","640753008",1
"560","2795386142",0
"561","2509276067",1
"562","2519899789",0
"563","639633009",0
"564","2547132177",0
"565","2547132469",0
"566","2808606804",0
"567","2545555865",0
"568","2545824615",0
"569","637000027",0
"570","2588253861",0
"571","641228478",0
"572","2593339214",1
"573","2597490370",0
"574","2508501047",0
"575","641522606",0
"576","2576861816",0
"577","2509276058",0
"578","2808606794",0
"579","643692008",0
"580","2784746803",1
"581","639633010",1
"582","2700989373",1
"583","2597490250",1
"584","644736330",1
"585","2671180601",1
"586","2848061456",1
"587","2663763384",1
"588","2681813198",1
"589","643886102",1
"590","2597490243",1
"591","2660238656",1
"592","2693429521",1
"593","2671180748",1
"594","646311910",1
"595","2671180475",1
"596","2690316009",1
"597","2802429577",1
"598","651053007",1
"599","649633019",1
"600","2690315693",1
"601","2695420660",1
"602","2660238375",1
"603","2690316073",1
"604","2695420510",1
"605","2695420736",1
"606","2823497638",1
"607","2663763404",1
"608","2597490219",1
"609","2660238454",1
"610","2657244954",1
"611","2660238131",1
"612","2700989372",1
"613","2663763018",1
"614","2600254978",1
"615","2675903354",1
"616","2671180426",1
"617","2663763500",1
"618","2561511128",0
"619","2513237264",0
"620","2627854001",0
"621","2926661365",1
"622","2927149029",1
"623","2887773926",0
"624","2811994989",0
"625","2734482074",0
"626","2834479247",0
"627","2818991577",0
"628","2599185194",0
"629","2834497130",0
"630","2837591487",0
"631","2700988699",0
"632","2756170222",0
"633","638341020",0
"634","2561511230",1
"635","2781126043",0
"636","2916308423",0
"637","2728369170",0
"638","2576861425",0
"639","2811995279",0
"640","2912183561",0
"641","2565956565",1
"642","2721755543",1
"643","643348519",1
"644","2840707444",1
"645","2861437327",1
"646","2511231103",1
"647","637000036",1
"648","2861252286",1
"649","2848998837",1
"650","2597490341",1
"651","2861272341",1
"652","2861253713",1
"653","2718218094",1
"654","2861251124",1
"655","2806310697",1
"656","2861264975",1
"657","2595698224",0
"658","644736331",0
"659","2918358370",0
"660","2893575648",0
"661","2918362552",0
"662","2893692521",0
"663","2681813033",0
"664","2545555860",1
"665","2721755565",1
"666","2519899694",1
"667","2511231202",1
"668","2521172718",1
"669","2517572143",0
"670","2513237097",0
"671","2835052945",1
"672","2891501747",1
"673","2574179731",1
"674","2882464097",1
"675","2891391581",1
"676","2839726999",1
"677","2841283598",0
"678","2854294894",0
"679","2651869678",0
"680","2854263934",0
"681","2851194356",0
"682","2816332346",0
"683","2654587731",0
"684","2524614662",0
"685","2855079561",0
"686","2600255381",0
"687","2731957605",0
"688","2600255375",0
"689","2600255378",0
"690","2893558195",0
"691","2831311770",0
"692","2548877016",0
"693","647000216",0
"694","2893675053",0
"695","2744054563",0
"696","2634166182",0
"697","2597490362",0
"698","2829754414",0
"699","2829751152",0
"700","2561511096",0
"701","651285001",0
"702","648028010",0
"703","2829757494",0
"704","2773858004",1
"705","2757320359",0
"706","2609460297",0
"707","641228480",0
"708","647533118",0
"709","645058868",0
"710","640427105",0
"711","2513237201",0
"712","637000042",0
"713","2890416668",1
"714","2599185228",1
"715","2562617048",0
"716","2684622995",0
"717","2513237113",1
"718","647000218",1
"719","2887723448",0
"720","637000047",0
"721","643348523",0
"722","2916573127",0
"723","2916563313",0
"724","2639762983",0
"725","2648501169",0
"726","2754412345",0
"727","637000051",0
"728","637000048",0
"729","2916581165",0
"730","2791355353",0
"731","641736121",0
"732","2609460236",0
"733","2687453568",0
"734","2660238365",0
"735","2791355351",0
"736","2630968762",0
"737","645058826",0
"738","2967615069",0
"739","2636415515",0
"740","2917518688",1
"741","2791354934",1
"742","2791354921",1
"743","2791354933",1
"744","2791354922",1
"745","2585428068",1
"746","2582580726",1
"747","648028012",1
"748","2734481916",0
"749","647533123",1
"750","2802428857",1
"751","637000318",1
"752","2563367176",1
"753","2788499958",0
"754","2524614853",1
"755","649633023",1
"756","2506485007",1
"757","649633025",1
"758","640427106",1
"759","2693429901",1
"760","2901129015",1
"761","2540341239",1
"762","2540341085",1
"763","2751185666",0
"764","2513237181",0
"765","2510065009",1
"766","2718218154",1
"767","641228483",0
"768","2519899721",1
"769","2599185232",1
"770","2582581267",1
"771","2585428077",1
"772","2831514688",1
"773","2684623198",0
"774","2517572248",0
"775","645951857",0
"776","2808606797",0
"777","2808606638",0
"778","2675903699",0
"779","643886009",0
"780","645058720",0
"781","2556921624",0
"782","2617270875",0
"783","2831482573",0
"784","2830496992",0
"785","2814123379",1
"786","643886113",1
"787","2808606723",1
"788","2773858048",1
"789","2531839278",1
"790","642979305",1
"791","2568526009",0
"792","2844895905",0
"793","637000060",0
"794","645951819",1
"795","2574179752",1
"796","2700989267",1
"797","2574179782",1
"798","2576861831",1
"799","2574179783",1
"800","2579778520",1
"801","2576861400",1
"802","2576861401",1
"803","2634166280",1
"804","2886957807",0
"805","2887284248",0
"806","2756170263",0
"807","644736339",0
"808","2923426270",0
"809","2734481997",0
"810","2734481993",0
"811","2926765598",0
"812","2734481992",0
"813","2923674233",0
"814","2923434343",0
"815","643886188",1
"816","2814123119",0
"817","2851166323",0
"818","2788500101",1
"819","2519899594",0
"820","2728369475",0
"821","2616644820",1
"822","2728369167",0
"823","2617270905",1
"824","2693429899",1
"825","2828402302",0
"826","2693429905",1
"827","2617270870",1
"828","2651869835",1
"829","2630968797",1
"830","2734481969",1
"831","2734481980",1
"832","2505679089",1
"833","646564520",0
"834","2856438371",1
"835","2927609659",1
"836","2734481970",1
"837","2681813035",1
"838","649633031",0
"839","649633032",0
"840","2595698249",0
"841","650716026",1
"842","2667527401",1
"843","2623620579",1
"844","651324021",1
"845","2861570626",0
"846","2585428148",1
"847","2558860278",1
"848","2827986130",0
"849","2928729937",0
"850","2565956826",1
"851","2636416040",1
"852","2634166296",1
"853","2595698247",1
"854","2681813509",1
"855","2596583629",1
"856","644736340",1
"857","2595699005",1
"858","637000066",0
"859","650716022",0
"860","637000071",0
"861","651053015",0
"862","2512047033",0
"863","642555121",0
"864","639633020",0
"865","637000073",0
"866","643348527",0
"867","641228485",0
"868","642555123",0
"869","2648501185",0
"870","637000074",1
"871","2754412941",0
"872","637000075",0
"873","2645727576",0
"874","2713896886",0
"875","2751185876",0
"876","2751185877",0
"877","2808606673",0
"878","2595699003",0
"879","2524614876",0
"880","2695420920",0
"881","2681813521",0
"882","2724679211",0
"883","2681812956",0
"884","2681812957",0
"885","2903164770",0
"886","2905999023",0
"887","2903168385",0
"888","2684622856",0
"889","2681813561",0
"890","2867868581",0
"891","2562617092",0
"892","2728368984",0
"893","2523533548",0
"894","2600255101",0
"895","2622736498",0
"896","2585427834",0
"897","2684622908",0
"898","2816332551",0
"899","2681813551",0
"900","2684623012",0
"901","2728369107",0
"902","2874367997",0
"903","2842083920",0
"904","2654587896",0
"905","2617271211",0
"906","2905979941",0
"907","2698536696",0
"908","2888289149",0
"909","2684622910",0
"910","2874363422",0
"911","2684623028",0
"912","2681813503",0
"913","2802429322",0
"914","2681813514",0
"915","2905984197",0
"916","2700988715",0
"917","2681813504",0
"918","2617271210",0
"919","2634166404",0
"920","2663762742",0
"921","2600255398",0
"922","2695420944",0
"923","2765235860",0
"924","2524023241",0
"925","2681813509",1
"926","2871710237",0
"927","2617271207",0
"928","2684622833",0
"929","2718217690",0
"930","2579778963",0
"931","642791618",0
"932","2524614646",0
"933","2773857773",0
"934","2878893965",1
"935","2588253794",1
"936","2600255068",1
"937","2708742539",0
"938","2848353471",1
"939","2630968326",1
"940","2687453717",0
"941","637000076",1
"942","2585428079",1
"943","2517487003",0
"944","2563366732",1
"945","2695420939",1
"946","2855382387",1
"947","2509887034",1
"948","2634166351",1
"949","643886112",1
"950","2687453701",1
"951","2703719315",1
"952","2541047518",1
"953","641380428",0
"954","2660237905",1
"955","2554235109",1
"956","2585428176",1
"957","647533125",0
"958","2928353371",1
"959","2524023202",1
"960","2595698222",1
"961","643348528",1
"962","648276630",1
"963","2775507063",1
"964","2808606725",1
"965","2773857856",1
"966","2634166354",1
"967","2724679202",0
"968","2585428078",1
"969","2630968942",1
"970","2869685573",1
"971","2554235113",1
"972","2574180002",0
"973","2721755605",1
"974","2860493848",1
"975","2808606672",0
"976","2703719316",1
"977","2675903166",1
"978","2773858021",1
"979","2634166358",1
"980","2634166322",1
"981","2928400839",0
"982","2526164522",1
"983","2585428070",1
"984","2524614863",1
"985","645951835",1
"986","642979371",0
"987","2645727554",1
"988","2711768659",1
"989","642979359",1
"990","2524614838",1
"991","2585428084",1
"992","2634166349",0
"993","2877451605",1
"994","2585428173",1
"995","643348529",1
"996","2585428190",1
"997","650716026",1
"998","641380427",1
"999","2928998743",1
"1000","2585428090",1
"1001","2634166902",0
"1002","2740892543",0
"1003","2558860132",0
"1004","2744054832",1
"1005","2913326743",0
"1006","2526164529",1
"1007","643886206",1
"1008","2728369180",1
"1009","642979369",1
"1010","2795385455",0
"1011","2928587524",0
"1012","645058763",1
"1013","2690315891",1
"1014","2901044109",1
"1015","2627854235",1
"1016","637000077",1
"1017","641228486",1
"1018","2599185221",1
"1019","2808606817",0
"1020","2585428174",1
"1021","2703719317",1
"1022","2645727973",1
"1023","2808606539",0
"1024","641736198",1
"1025","2928356456",0
"1026","2687453704",1
"1027","2916594526",1
"1028","2563366727",0
"1029","648028018",1
"1030","2608642274",1
"1031","2901040167",1
"1032","2627854033",1
"1033","641736197",1
"1034","2851764253",1
"1035","2651869763",0
"1036","2728369722",1
"1037","641736169",1
"1038","2636415665",0
"1039","2519899647",0
"1040","649633033",1
"1041","2772190653",1
"1042","2597490298",1
"1043","2684622633",1
"1044","2529293168",1
"1045","2913329792",1
"1046","2617271309",0
"1047","2913338184",1
"1048","2833455180",1
"1049","2916599234",1
"1050","640069309",1
"1051","2599185222",1
"1052","2795385491",1
"1053","2740892193",1
"1054","2675903229",1
"1055","2558860349",1
"1056","2916606478",1
"1057","2558309036",1
"1058","2582580727",1
"1059","2568526450",0
"1060","2751185720",0
"1061","2617270829",0
"1062","2619619643",0
"1063","2695421013",0
"1064","2524023169",0
"1065","640612206",1
"1066","2562617146",1
"1067","642979321",1
"1068","2574180442",0
"1069","2529292992",0
"1070","646311917",1
"1071","2788500100",1
"1072","2734481901",0
"1073","643886116",1
"1074","641380422",1
"1075","2522572051",1
"1076","643348530",1
"1077","2503538010",1
"1078","643886058",1
"1079","2681813557",0
"1080","647000230",1
"1081","2617270851",1
"1082","2681813517",1
"1083","2623620529",1
"1084","2554235426",1
"1085","2585427661",1
"1086","2627854278",0
"1087","651324023",1
"1088","2561511200",1
"1089","2808606813",1
"1090","2517572222",1
"1091","2558860241",1
"1092","2634166170",1
"1093","2773857908",1
"1094","2916404855",1
"1095","2639762811",1
"1096","645951842",1
"1097","2571042744",1
"1098","2923453845",1
"1099","2775507246",1
"1100","2524614613",1
"1101","2918343737",1
"1102","2529292557",1
"1103","639279307",1
"1104","2556921045",0
"1105","2773857867",1
"1106","647000231",0
"1107","643692019",1
"1108","2606217205",1
"1109","643886002",0
"1110","2515154018",0
"1111","2862073393",1
"1112","2630968455",1
"1113","2561511185",0
"1114","2515154131",0
"1115","648276634",1
"1116","2811995197",1
"1117","2931446255",0
"1118","2634166344",0
"1119","2623620533",1
"1120","2515154153",1
"1121","2515154156",0
"1122","2556921672",0
"1123","2872045035",1
"1124","2541047000",1
"1125","2808606807",1
"1126","2600254920",1
"1127","2513237121",1
"1128","2623620535",1
"1129","643886057",1
"1130","2615840659",1
"1131","2551306128",1
"1132","2848159128",1
"1133","2515154059",1
"1134","641522620",0
"1135","2597490209",1
"1136","2811995306",0
"1137","2558860221",1
"1138","2811995212",1
"1139","2856602953",0
"1140","2617271304",0
"1141","2795386144",1
"1142","2526164557",0
"1143","2827117550",0
"1144","2890671501",0
"1145","2654588035",0
"1146","2832283248",0
"1147","2843088573",0
"1148","2890545002",0
"1149","2926658099",0
"1150","2556921666",0
"1151","2870600976",0
"1152","2918413596",0
"1153","2835191852",0
"1154","2663762753",0
"1155","2667527407",0
"1156","2867779128",0
"1157","2781126036",0
"1158","2667527402",0
"1159","2844826561",0
"1160","2802428826",0
"1161","650716031",0
"1162","2690315830",0
"1163","2806311065",0
"1164","2893540075",0
"1165","2893593147",0
"1166","2636415561",0
"1167","2617270779",0
"1168","2506381023",0
"1169","2517572241",0
"1170","2831476743",0
"1171","2537561635",0
"1172","2977335026",0
"1173","2515154146",0
"1174","2576861787",1
"1175","637000087",0
"1176","2593339275",1
"1177","2806310743",0
"1178","2506520023",0
"1179","2508501046",0
"1180","2861229971",0
"1181","2791354880",1
"1182","2901198348",1
"1183","2510065016",0
"1184","2802429288",0
"1185","2773857847",0
"1186","648028022",0
"1187","2861587418",0
"1188","641228488",0
"1189","2527291725",0
"1190","649633035",0
"1191","2563366733",0
"1192","2895788610",0
"1193","641228489",0
"1194","2521172561",0
"1195","2622736508",1
"1196","2687453125",0
"1197","2833109367",0
"1198","2832479645",0
"1199","2687453746",0
"1200","2773857907",0
"1201","2622736579",1
"1202","2585428172",1
"1203","2582580750",1
"1204","2599185175",1
"1205","648028023",0
"1206","2522572160",0
"1207","2585428156",0
"1208","2526164742",0
"1209","2524023145",1
"1210","2690315754",0
"1211","2829729602",1
"1212","2582580732",1
"1213","2507262031",1
"1214","643348537",0
"1215","2507149024",0
"1216","2504136006",0
"1217","2515154174",0
"1218","2890690344",0
"1219","2508501023",0
"1220","2571042011",0
"1221","2616644807",0
"1222","2524023220",0
"1223","2574179788",0
"1224","2829737207",1
"1225","2596583602",1
"1226","2574180434",1
"1227","2556921601",1
"1228","649633036",1
"1229","2514885009",0
"1230","2654587567",0
"1231","2512047085",0
"1232","2619619091",1
"1233","2788500037",1
"1234","2526164711",1
"1235","2541046937",1
"1236","2740891818",0
"1237","644736351",0
"1238","2582580749",1
"1239","2515154209",1
"1240","2926666083",1
"1241","2563366724",1
"1242","2585428086",1
"1243","2585428080",0
"1244","2636416042",0
"1245","644736349",1
"1246","2619619068",1
"1247","2571042914",1
"1248","2654587882",0
"1249","2901954164",0
"1250","2622736590",1
"1251","644736350",1
"1252","2524023157",1
"1253","2875778839",1
"1254","2675903163",1
"1255","2684623057",1
"1256","2509601019",1
"1257","643886196",1
"1258","2563366506",0
"1259","2593339127",1
"1260","2516143004",0
"1261","2593339128",1
"1262","2596583601",1
"1263","2706794915",0
"1264","2619619038",0
"1265","2887492712",0
"1266","2502422305",0
"1267","2501915963",1
"1268","2582581262",1
"1269","2786546903",1
"1270","2861203348",0
"1271","650716033",0
"1272","643692021",1
"1273","2523231059",0
"1274","2596583525",1
"1275","2861192947",0
"1276","2703718901",1
"1277","2502422304",1
"1278","2883713342",1
"1279","2788499819",1
"1280","2523231085",0
"1281","2510065044",1
"1282","2508501136",1
"1283","637000094",1
"1284","2728369691",0
"1285","2526164528",1
"1286","2523231053",0
"1287","2507262026",1
"1288","2556921618",0
"1289","2524614548",1
"1290","2861449170",1
"1291","642979316",0
"1292","2524023160",1
"1293","2512564091",1
"1294","2599185176",1
"1295","2791354899",1
"1296","2751185656",0
"1297","2861683924",0
"1298","649633038",0
"1299","2515154092",0
"1300","646564528",0
"1301","649633039",0
"1302","2516143104",1
"1303","2513237118",1
"1304","649633040",1
"1305","638341078",1
"1306","2602042025",1
"1307","2599185196",1
"1308","643886183",0
"1309","2627853875",1
"1310","2501533205",1
"1311","2751185668",0
"1312","645951833",0
"1313","2897417399",0
"1314","2728369657",0
"1315","2757320913",0
"1316","2728369273",0
"1317","2847235940",1
"1318","2962773892",1
"1319","2962769303",1
"1320","2558860213",1
"1321","2551306377",1
"1322","2775506966",1
"1323","2898845556",1
"1324","2597489912",1
"1325","2558860226",1
"1326","2841384834",1
"1327","2627853836",1
"1328","2558860215",1
"1329","2837722614",0
"1330","2840502759",0
"1331","2848425531",0
"1332","643348542",1
"1333","643348543",1
"1334","2675903565",0
"1335","2728369259",0
"1336","2841082593",0
"1337","2834342532",0
"1338","2841078895",0
"1339","2724679793",0
"1340","2744054500",0
"1341","2627853639",0
"1342","2513237341",0
"1343","2540341128",0
"1344","641736133",1
"1345","640963046",1
"1346","2518645587",0
"1347","2561511040",1
"1348","651324026",1
"1349","2509276020",0
"1350","2508501110",0
"1351","2675903016",0
"1352","2571042012",0
"1353","2816332117",0
"1354","2563367140",1
"1355","2547132403",1
"1356","2547132207",1
"1357","2515154084",0
"1358","2795386143",0
"1359","2866345068",0
"1360","644736358",0
"1361","2866341438",0
"1362","637000098",0
"1363","2558309078",0
"1364","643886208",0
"1365","2519899683",0
"1366","2529292732",0
"1367","2899542894",0
"1368","2775507237",0
"1369","2823236545",0
"1370","2593339301",0
"1371","2858210804",0
"1372","2858217553",0
"1373","642555127",1
"1374","2521172654",0
"1375","2506485001",0
"1376","2639763091",1
"1377","2839589109",0
"1378","2651870311",0
"1379","2627853506",0
"1380","2775507270",1
"1381","2574179787",0
"1382","2574179789",0
"1383","2574179790",1
"1384","2582581318",1
"1385","2734481909",1
"1386","646564529",1
"1387","2734481920",1
"1388","651324029",1
"1389","2916417672",1
"1390","2843132434",1
"1391","2876320891",1
"1392","2558860909",1
"1393","2545824652",1
"1394","2558860917",1
"1395","2681813000",1
"1396","2731957559",1
"1397","2558860907",1
"1398","2541047998",1
"1399","2545824666",1
"1400","2731957564",1
"1401","2731957565",1
"1402","2916553101",1
"1403","2731957567",1
"1404","2558860916",1
"1405","2558860913",1
"1406","2558860905",1
"1407","649989943",1
"1408","2558860908",1
"1409","2558860912",1
"1410","2558860914",1
"1411","2558860915",1
"1412","2731957560",1
"1413","2545824663",1
"1414","2687453605",1
"1415","2545824672",1
"1416","2916559209",1
"1417","2558860910",1
"1418","2831391350",0
"1419","2881972992",1
"1420","2556921009",1
"1421","2724679056",1
"1422","2568526010",1
"1423","2599185265",1
"1424","2791354993",1
"1425","2597490379",1
"1426","2540341223",1
"1427","2540341224",1
"1428","2563366545",1
"1429","2545824514",1
"1430","2558309058",0
"1431","2554235465",0
"1432","2517093037",0
"1433","2615840706",0
"1434","2728369517",0
"1435","2747842406",0
"1436","2524023241",0
"1437","646862321",1
"1438","2894492305",1
"1439","2836765118",1
"1440","2515154211",1
"1441","2811995009",0
"1442","2585427956",0
"1443","2828010827",0
"1444","2836688113",1
"1445","2897341779",1
"1446","643692022",1
"1447","2562617038",1
"1448","2642422588",1
"1449","642979360",1
"1450","2558860285",1
"1451","2642422560",1
"1452","2509276007",1
"1453","2916602691",1
"1454","2585428093",1
"1455","2558860279",1
"1456","2561511082",1
"1457","641380446",1
"1458","644736366",1
"1459","2534681714",1
"1460","643886203",1
"1461","2835063808",1
"1462","2814123220",1
"1463","2833857752",1
"1464","2913335541",1
"1465","2926549205",1
"1466","2558860175",1
"1467","2593339221",1
"1468","2513237287",1
"1469","2597490300",1
"1470","644736367",1
"1471","2585428142",1
"1472","649989950",1
"1473","645058705",1
"1474","2687453170",1
"1475","2868229309",1
"1476","2585428145",1
"1477","640963022",1
"1478","2545555857",1
"1479","648276673",1
"1480","2585428116",1
"1481","2831856209",0
"1482","2588253786",1
"1483","2562617000",0
"1484","2563366501",0
"1485","2562617001",0
"1486","2556921110",0
"1487","2887369388",0
"1488","2531839288",1
"1489","2531839287",1
"1490","2513237358",1
"1491","2545555869",1
"1492","2846347783",1
"1493","2835547190",0
"1494","2515154119",0
"1495","2831367282",0
"1496","2788500238",1
"1497","2585428130",0
"1498","648028026",0
"1499","2582580746",0
"1500","646564534",0
"1501","2740892000",0
"1502","2513237177",1
"1503","2582581325",1
"1504","2596583606",1
"1505","650377942",1
"1506","2802429306",0
"1507","2523533616",0
"1508","2928578658",0
"1509","2875783027",0
"1510","2511231077",0
"1511","2887134966",0
"1512","2786546892",0
"1513","2585427636",0
"1514","2770939564",0
"1515","2892985999",1
"1516","2791354889",1
"1517","2675903155",0
"1518","2617271337",0
"1519","2693429908",0
"1520","2734482249",0
"1521","2523533615",0
"1522","2695420958",0
"1523","2693429883",0
"1524","2523533577",0
"1525","2700988729",0
"1526","2695420960",0
"1527","2693429909",0
"1528","2744054791",0
"1529","2523533607",0
"1530","2596583583",0
"1531","2724679814",0
"1532","2648501293",0
"1533","2617271209",1
"1534","644736369",0
"1535","2698536747",0
"1536","2698536748",0
"1537","2879198178",0
"1538","2622736523",0
"1539","2698536752",0
"1540","2596583547",0
"1541","2693429891",1
"1542","2630968897",0
"1543","2700988712",0
"1544","2509601041",0
"1545","2509276062",0
"1546","2524614599",0
"1547","2675903165",0
"1548","2509276059",0
"1549","2523533540",0
"1550","2636415974",0
"1551","649633065",0
"1552","2788499930",1
"1553","2505679008",1
"1554","2515154145",0
"1555","2503707007",0
"1556","2599185172",1
"1557","2585427664",1
"1558","2724678980",1
"1559","2630968846",0
"1560","637000116",0
"1561","2515154087",0
"1562","649633045",0
"1563","2634166352",0
"1564","2509601034",0
"1565","2786546148",1
"1566","2824927556",0
"1567","2918354206",0
"1568","2582580730",1
"1569","2820973839",0
"1570","2775506716",0
"1571","2523231030",1
"1572","645951804",0
"1573","2859142826",0
"1574","2869315825",0
"1575","2847466697",0
"1576","2540341044",0
"1577","2856191474",0
"1578","637000117",0
"1579","638341097",0
"1580","2571042013",1
"1581","645951848",1
"1582","2519899634",0
"1583","2841649680",1
"1584","2847458331",0
"1585","2524614665",0
"1586","2831922129",0
"1587","2833159525",1
"1588","2833112494",1
"1589","2568526006",1
"1590","648276678",1
"1591","2889945841",0
"1592","2523231061",0
"1593","2600255235",1
"1594","645058834",1
"1595","2808606651",1
"1596","2561511075",1
"1597","2600255093",0
"1598","2836862175",0
"1599","2590828806",1
"1600","2829795795",0
"1601","2515154121",0
"1602","2758568037",0
"1603","2654587565",0
"1604","2861206899",0
"1605","2554235472",0
"1606","2687453436",0
"1607","2829804122",0
"1608","637000119",0
"1609","637000120",0
"1610","2599185203",0
"1611","2599185195",0
"1612","2724679686",0
"1613","2893642356",0
"1614","2834213753",0
"1615","2834023271",0
"1616","2599185183",0
"1617","2695420953",0
"1618","2585427554",0
"1619","646311931",0
"1620","2636416082",0
"1621","2700988693",0
"1622","2622736605",0
"1623","2824291507",0
"1624","2622736631",0
"1625","2599185192",0
"1626","2602042050",0
"1627","2728369484",0
"1628","2784132082",0
"1629","2667527440",0
"1630","2627854285",0
"1631","2893025556",0
"1632","2523231062",1
"1633","2791354871",0
"1634","2791354871",0
"1635","2506783053",0
"1636","2524614536",0
"1637","2731957579",0
"1638","643348555",0
"1639","2835046211",0
"1640","2756170231",0
"1641","649633006",0
"1642","2681812973",0
"1643","2918390780",0
"1644","2923461097",0
"1645","2523533535",0
"1646","2923443038",0
"1647","2671180087",0
"1648","2802429308",0
"1649","2806310735",0
"1650","2523231036",0
"1651","2512047058",0
"1652","2514885044",0
"1653","2734481960",0
"1654","2519899569",0
"1655","646311932",0
"1656","2731957553",0
"1657","2523231038",0
"1658","2563367079",0
"1659","2675903489",0
"1660","2834547273",0
"1661","2639762576",0
"1662","2523231041",0
"1663","2514885045",0
"1664","2734481953",0
"1665","2523231044",0
"1666","2523231045",0
"1667","2524614582",0
"1668","2648501484",0
"1669","2523231047",0
"1670","2513237321",0
"1671","2846673470",0
"1672","2675903634",0
"1673","650377943",0
"1674","2775506860",0
"1675","2829726240",0
"1676","645951817",1
"1677","647533172",1
"1678","2503982037",0
"1679","2687453730",0
"1680","2681813547",0
"1681","649633002",0
"1682","2522572156",0
"1683","2713897040",1
"1684","647000258",1
"1685","2531839526",1
"1686","2684622615",1
"1687","2616644830",0
"1688","2799112276",0
"1689","2524614660",0
"1690","651324038",1
"1691","2597490374",1
"1692","2916265895",1
"1693","2916272478",1
"1694","2775507019",1
"1695","2924818472",1
"1696","651324039",1
"1697","2879044333",1
"1698","2773857811",1
"1699","2513237309",1
"1700","637000128",0
"1701","2582580505",0
"1702","2681812914",0
"1703","649989953",0
"1704","648028029",0
"1705","2740892605",1
"1706","2681812893",1
"1707","650377948",1
"1708","2600255242",1
"1709","2597490369",1
"1710","2917646558",0
"1711","2648501819",0
"1712","2913477690",0
"1713","2788499955",0
"1714","2504756004",0
"1715","2634166281",0
"1716","2728369474",0
"1717","2818991471",0
"1718","2651870127",0
"1719","2554235482",0
"1720","2554235479",0
"1721","2511231068",0
"1722","2534681902",0
"1723","638154503",0
"1724","2778260947",0
"1725","2693429892",0
"1726","2513237186",0
"1727","2651870103",0
"1728","2837540175",0
"1729","2617270915",1
"1730","2597490337",1
"1731","2509601017",1
"1732","2695420988",0
"1733","2617270777",0
"1734","2914819717",0
"1735","2724679816",0
"1736","2693429869",0
"1737","2806310686",0
"1738","2554235466",0
"1739","2529292733",0
"1740","2531839093",0
"1741","2554235495",0
"1742","2554235506",0
"1743","2630968663",0
"1744","2554235491",0
"1745","2518645586",1
"1746","2585428071",1
"1747","2751185719",0
"1748","2724679784",0
"1749","2512564011",0
"1750","2554235481",0
"1751","2534682141",0
"1752","2554235478",0
"1753","2554235501",0
"1754","2554235500",0
"1755","2554235494",0
"1756","2576861458",0
"1757","2529293244",0
"1758","2756170193",0
"1759","2554235499",0
"1760","2508501015",0
"1761","646564536",0
"1762","649633053",0
"1763","2617270895",0
"1764","2617270920",0
"1765","2516653079",0
"1766","2617270928",0
"1767","2617270902",0
"1768","2619618990",0
"1769","2537561866",0
"1770","2693429898",0
"1771","2675903232",1
"1772","2675903221",1
"1773","2663762745",0
"1774","2516653073",0
"1775","644736372",0
"1776","2667527389",0
"1777","2718217703",0
"1778","2802428806",0
"1779","2900696506",0
"1780","2571042376",0
"1781","2639762508",0
"1782","2617270787",0
"1783","2930057488",0
"1784","2856158536",0
"1785","2900672150",0
"1786","2824923856",0
"1787","2773858001",1
"1788","2824403443",0
"1789","2599185207",0
"1790","2617270880",0
"1791","2617270887",0
"1792","2969621807",0
"1793","2859108715",1
"1794","2824407391",0
"1795","2617270877",0
"1796","2526164533",0
"1797","2556921012",0
"1798","2856135535",1
"1799","2687453422",0
"1800","2582581268",0
"1801","2524614508",0
"1802","2617270784",1
"1803","2885246353",0
"1804","2856140103",0
"1805","2518645611",0
"1806","2698536813",0
"1807","2900700145",0
"1808","2599185144",0
"1809","2885257956",1
"1810","2791355135",0
"1811","2921734935",0
"1812","2902691746",0
"1813","2843940340",0
"1814","2824377609",0
"1815","2654587879",0
"1816","2900675291",0
"1817","2617270933",0
"1818","2844988376",0
"1819","2617270760",0
"1820","2551306539",0
"1821","2718217680",0
"1822","2824416888",0
"1823","2551306145",0
"1824","2698536942",0
"1825","2617270764",0
"1826","2636416175",0
"1827","2571042251",0
"1828","2902747981",0
"1829","2856149634",0
"1830","2770939578",0
"1831","2617270878",0
"1832","2617271289",0
"1833","2517572236",0
"1834","2585427838",0
"1835","2509887032",1
"1836","2671180169",0
"1837","2654587885",0
"1838","2802429687",0
"1839","2636416066",0
"1840","2671180170",0
"1841","2506520034",0
"1842","2914730251",0
"1843","2517287030",0
"1844","2617270898",0
"1845","2562617192",1
"1846","2690315683",0
"1847","651053028",0
"1848","2562617191",0
"1849","644736373",1
"1850","2571042483",0
"1851","639633026",0
"1852","2654588107",0
"1853","2684622567",0
"1854","2554235475",0
"1855","2617270873",0
"1856","2554235480",0
"1857","2554235496",0
"1858","2724679704",0
"1859","2724679794",0
"1860","2554235473",0
"1861","2554235487",0
"1862","2524614679",0
"1863","2791355071",0
"1864","2617271215",0
"1865","2554235489",0
"1866","643692025",0
"1867","2554235508",0
"1868","2791355074",0
"1869","2524614823",0
"1870","2617270732",0
"1871","2554235490",0
"1872","2554235509",0
"1873","2724679803",0
"1874","2881923770",0
"1875","2617270895",0
"1876","2531839487",0
"1877","2639762563",0
"1878","2510065051",0
"1879","2556921652",1
"1880","2681812915",0
"1881","2816332110",0
"1882","2914868299",0
"1883","2554235498",0
"1884","2853959580",0
"1885","2667527214",0
"1886","2554235505",0
"1887","2534681901",0
"1888","646311934",0
"1889","643348557",1
"1890","646311935",0
"1891","2554235485",0
"1892","2506783009",0
"1893","2852728668",0
"1894","2523533533",0
"1895","2513237357",0
"1896","2917782786",0
"1897","2534682345",0
"1898","643886213",0
"1899","2916544903",0
"1900","643886141",0
"1901","649633054",0
"1902","2663763499",0
"1903","646564537",0
"1904","2546825547",0
"1905","2896621630",0
"1906","2558309108",0
"1907","2671181141",0
"1908","641522632",0
"1909","2832873813",1
"1910","2832863383",1
"1911","2831698200",1
"1912","2831707323",1
"1913","2519103046",1
"1914","2839925148",1
"1915","2540341032",0
"1916","2636415568",0
"1917","2844852863",0
"1918","2667527392",0
"1919","2731957614",0
"1920","2724679244",0
"1921","2724679243",0
"1922","2724679240",0
"1923","2724679242",0
"1924","2770939568",1
"1925","2757320858",1
"1926","640069313",0
"1927","2508501111",0
"1928","2645728042",0
"1929","2523231012",0
"1930","2582581238",0
"1931","2504136000",0
"1932","2540341241",0
"1933","644736375",0
"1934","643886103",1
"1935","2509601028",1
"1936","2814123039",0
"1937","2523533583",0
"1938","2574180452",1
"1939","2622736540",1
"1940","2770939556",1
"1941","645951835",1
"1942","2593339276",0
"1943","2609460080",0
"1944","2675903597",0
"1945","650377953",0
"1946","2619619207",0
"1947","2833634935",0
"1948","2571042915",0
"1949","2751185699",0
"1950","2593339290",0
"1951","2521172633",0
"1952","2731639182",0
"1953","2728369218",0
"1954","2524614724",0
"1955","2895832707",0
"1956","2502422321",0
"1957","640069314",1
"1958","2887176471",0
"1959","2521172694",0
"1960","2576861496",0
"1961","2582580773",1
"1962","2582580770",1
"1963","2582580774",1
"1964","2576861493",0
"1965","2576861497",0
"1966","2576861495",0
"1967","637000135",0
"1968","2576861492",0
"1969","2576861494",1
"1970","2648501134",0
"1971","2713896804",0
"1972","2513237218",1
"1973","649633056",1
"1974","2563367222",0
"1975","2770939641",0
"1976","643692052",1
"1977","2795385456",1
"1978","2681812894",0
"1979","2734481966",1
"1980","2775506863",1
"1981","2882072473",1
"1982","649633057",0
"1983","2831541896",1
"1984","2634166323",0
"1985","2687453494",0
"1986","2849278078",0
"1987","2734481962",0
"1988","649633058",0
"1989","2681812985",0
"1990","2731957612",0
"1991","2531839443",0
"1992","2731957613",0
"1993","2731957621",0
"1994","2893783347",0
"1995","2695420949",0
"1996","2883942875",0
"1997","2883945316",0
"1998","2630968752",0
"1999","2630968302",0
"2000","2639763038",0
"2001","2509601042",0
"2002","2654587582",0
"2003","2513237274",0
"2004","644736376",0
"2005","2524614800",0
"2006","2660237909",1
"2007","2595698251",0
"2008","2844801912",0
"2009","640753031",0
"2010","2844806747",0
"2011","2772190730",0
"2012","2734482001",0
"2013","2734481998",0
"2014","2734482000",0
"2015","2734481999",0
"2016","2788499853",1
"2017","649989956",1
"2018","651324044",1
"2019","643886193",1
"2020","2770939493",0
"2021","2588253798",1
"2022","2602042031",0
"2023","2602042045",0
"2024","2599185180",1
"2025","2599185298",0
"2026","2588253795",1
"2027","2802429590",1
"2028","2639762785",0
"2029","2865693805",0
"2030","2898382427",0
"2031","2721755800",0
"2032","2847157150",0
"2033","2893684298",0
"2034","2636415781",1
"2035","642555133",0
"2036","2818991576",0
"2037","2898378665",0
"2038","2866510393",0
"2039","2898422984",0
"2040","2687453620",0
"2041","2834070201",0
"2042","2847138596",0
"2043","2865691101",0
"2044","2865688490",0
"2045","641380434",0
"2046","2585427871",0
"2047","2690315885",0
"2048","2791354939",0
"2049","2811995046",0
"2050","644736379",0
"2051","2645727976",0
"2052","2866673921",0
"2053","2918305061",0
"2054","2816332119",0
"2055","2866832330",0
"2056","2515154140",0
"2057","646311938",0
"2058","2870837851",0
"2059","2806310635",0
"2060","2838804460",0
"2061","2895016110",0
"2062","2864715011",0
"2063","2827946139",0
"2064","2894994769",0
"2065","2873330523",0
"2066","2867521640",0
"2067","2866793835",0
"2068","2731957585",0
"2069","648276680",0
"2070","2891118952",0
"2071","2521172634",0
"2072","2684623008",0
"2073","2751185544",0
"2074","2756170257",0
"2075","2839383563",1
"2076","2757320357",0
"2077","2802429321",0
"2078","2863024190",0
"2079","2863105245",0
"2080","644736380",0
"2081","2786546944",0
"2082","2786546943",0
"2083","2889782386",0
"2084","2927548933",0
"2085","2784132170",0
"2086","2784746774",0
"2087","2881892145",0
"2088","649989950",1
"2089","2832953387",0
"2090","2593339158",1
"2091","2593339256",1
"2092","2606217760",1
"2093","2969836258",1
"2094","2558860131",1
"2095","2681813023",1
"2096","2667527822",1
"2097","2896841607",1
"2098","2667527581",1
"2099","647000263",1
"2100","2728369694",1
"2101","2822017380",1
"2102","651324057",1
"2103","645951838",1
"2104","2660238151",1
"2105","2700989116",1
"2106","2657245519",1
"2107","2671180997",1
"2108","2700989132",1
"2109","642555134",1
"2110","2700989143",1
"2111","2734481918",1
"2112","651324058",1
"2113","651324059",1
"2114","2728369695",1
"2115","2877511904",1
"2116","637000139",1
"2117","2721755550",1
"2118","2671180553",1
"2119","2916482346",1
"2120","2657245078",1
"2121","2585427875",1
"2122","2814123232",1
"2123","643886061",1
"2124","651324061",1
"2125","2667528021",1
"2126","2700989144",1
"2127","2663762633",1
"2128","639633030",1
"2129","2700989147",1
"2130","2671181128",1
"2131","2700989150",1
"2132","645951865",1
"2133","643886044",1
"2134","2657245150",1
"2135","645951832",1
"2136","2700989157",1
"2137","2657245084",1
"2138","643886046",1
"2139","2660238416",1
"2140","2597490363",1
"2141","2728369681",1
"2142","2675903327",1
"2143","2728369670",1
"2144","2565956592",1
"2145","2654587709",1
"2146","2814123334",1
"2147","2667527909",1
"2148","2728369672",1
"2149","2660238628",1
"2150","2657245411",1
"2151","2731957662",1
"2152","2660238052",1
"2153","2663763371",1
"2154","2700989156",1
"2155","2728369673",1
"2156","2667527643",1
"2157","643886051",1
"2158","2657245104",1
"2159","2728369671",1
"2160","2916479636",1
"2161","2585427921",1
"2162","2896850075",1
"2163","2896846605",1
"2164","2700989135",1
"2165","2902495512",1
"2166","2562617181",1
"2167","2700989158",1
"2168","2660238387",1
"2169","642555135",1
"2170","2937316031",1
"2171","2667528057",1
"2172","2663763074",1
"2173","2816332337",1
"2174","643886048",1
"2175","2806310974",1
"2176","2728369706",1
"2177","2681813031",1
"2178","2700989146",1
"2179","2700989154",1
"2180","2660237987",1
"2181","2700989262",1
"2182","643886047",1
"2183","2660237943",1
"2184","643886050",1
"2185","2700989145",1
"2186","2667528132",1
"2187","2906019534",1
"2188","2903255457",1
"2189","2906048348",1
"2190","2871632203",1
"2191","2871629740",1
"2192","2903266210",1
"2193","2874262289",1
"2194","2861643106",1
"2195","2515154118",0
"2196","2806310636",0
"2197","649989970",1
"2198","649633063",0
"2199","2814123193",0
"2200","2596583535",0
"2201","2663762758",0
"2202","2667527444",0
"2203","2588253789",1
"2204","2894321899",0
"2205","638341115",0
"2206","2582581269",0
"2207","2695420683",0
"2208","2663763523",0
"2209","2660238016",0
"2210","2660238715",0
"2211","2690316045",0
"2212","2667527672",0
"2213","2693429757",0
"2214","2657245499",0
"2215","2695420771",0
"2216","2558860982",0
"2217","2695420407",0
"2218","2885553282",0
"2219","2698536327",0
"2220","2663762617",0
"2221","2869765844",0
"2222","2695420441",0
"2223","2657245025",0
"2224","2693429527",0
"2225","2660237932",0
"2226","2585428143",0
"2227","2690316329",0
"2228","2660238257",0
"2229","2681813188",0
"2230","2663762831",0
"2231","2660238525",0
"2232","2667527804",0
"2233","2667527708",0
"2234","2660238232",0
"2235","2663762905",0
"2236","2663763173",0
"2237","2660237952",0
"2238","2681813200",0
"2239","2660238143",0
"2240","2695420558",0
"2241","2561511070",0
"2242","2663762636",0
"2243","2660238685",0
"2244","2821241899",0
"2245","2856447022",0
"2246","2856442703",0
"2247","2554235749",1
"2248","2588253796",1
"2249","2728369697",0
"2250","2891062001",0
"2251","640963040",0
"2252","2619619034",0
"2253","2595698253",0
"2254","2596583533",0
"2255","2770939509",0
"2256","2865919580",0
"2257","2619619033",0
"2258","2634166311",0
"2259","642555137",0
"2260","2541047153",0
"2261","2541047026",0
"2262","2681812812",0
"2263","2541047154",0
"2264","2545555867",0
"2265","2859649466",0
"2266","2537562171",0
"2267","2531839092",0
"2268","2534682290",0
"2269","644736384",1
"2270","2528311094",1
"2271","2524023214",0
"2272","2814123040",0
"2273","2802428808",0
"2274","2526164546",0
"2275","2861435432",1
"2276","2775506870",1
"2277","651324031",1
"2278","649633064",1
"2279","651324069",1
"2280","646564543",1
"2281","643886109",1
"2282","2645727607",1
"2283","639633034",1
"2284","2517093012",0
"2285","2740892510",1
"2286","2667527649",1
"2287","2602041674",0
"2288","2517434011",0
"2289","2636416063",0
"2290","2728369479",0
"2291","2827960989",0
"2292","2833575075",1
"2293","2834088864",0
"2294","2916455769",1
"2295","2823437510",1
"2296","2874802799",1
"2297","646564544",1
"2298","639633035",1
"2299","2695420928",0
"2300","2622736532",0
"2301","2622736595",0
"2302","2788499893",0
"2303","2791354872",1
"2304","2861666540",0
"2305","2788499892",1
"2306","2840548837",1
"2307","2597490349",1
"2308","2524023249",0
"2309","2687453111",0
"2310","2781126037",1
"2311","2585428153",1
"2312","2740891860",0
"2313","2728369705",0
"2314","2740891855",0
"2315","2901136890",0
"2316","2648501842",0
"2317","2844281797",0
"2318","2834688942",0
"2319","2636415832",0
"2320","2630968459",0
"2321","2791355086",0
"2322","2802429657",0
"2323","2731957675",0
"2324","2728369720",0
"2325","2802429647",0
"2326","2630968763",0
"2327","2855314903",0
"2328","2791355084",0
"2329","2576861444",0
"2330","2740891852",0
"2331","2687453248",0
"2332","2675903697",0
"2333","2831581866",0
"2334","2811995133",0
"2335","2645727833",0
"2336","2503508009",1
"2337","2585428155",1
"2338","2791354903",0
"2339","2770939621",0
"2340","2517572203",1
"2341","2850321154",1
"2342","2690315862",0
"2343","2681813549",0
"2344","2757320355",0
"2345","2784746771",0
"2346","2510065050",0
"2347","2524023158",1
"2348","2599185335",1
"2349","2565956520",1
"2350","2648501899",1
"2351","644736353",1
"2352","2523533628",1
"2353","2816332116",0
"2354","2524614583",0
"2355","2651869825",0
"2356","2786546860",0
"2357","2757320364",1
"2358","2636415975",1
"2359","2504643006",0
"2360","639633037",0
"2361","2540341173",0
"2362","2687453330",0
"2363","2728369480",0
"2364","2556921010",0
"2365","2522572179",0
"2366","2693429862",0
"2367","2734482069",0
"2368","2881232178",0
"2369","2518645605",0
"2370","2617270783",0
"2371","2681813548",0
"2372","2617270835",0
"2373","2524614596",0
"2374","2757320362",0
"2375","2506210002",0
"2376","2524614573",0
"2377","2881371823",1
"2378","2751185729",0
"2379","2781126051",0
"2380","2923456805",0
"2381","2634166904",0
"2382","2599185228",1
"2383","2561511218",1
"2384","2571042346",1
"2385","2636415931",1
"2386","2511231071",1
"2387","2841216226",1
"2388","2596583540",1
"2389","2556921013",0
"2390","2510065032",0
"2391","2839519612",0
"2392","2891683568",0
"2393","2887030614",0
"2394","646564545",0
"2395","2522572180",0
"2396","646564546",0
"2397","2528768209",0
"2398","2515154081",0
"2399","2770939489",0
"2400","2784746804",0
"2401","2517093030",1
"2402","650716050",1
"2403","2767802752",0
"2404","2791354817",1
"2405","2802429270",1
"2406","2775506891",1
"2407","2775506885",1
"2408","637000158",1
"2409","2561511101",1
"2410","2775506888",1
"2411","2561511100",1
"2412","2548877170",1
"2413","2802429291",1
"2414","2775506889",1
"2415","2756170246",0
"2416","2590828825",0
"2417","640427120",0
"2418","2519103191",1
"2419","2791355014",0
"2420","2645727909",0
"2421","2775506920",0
"2422","2627853524",0
"2423","2593339167",0
"2424","2593339150",0
"2425","646311943",0
"2426","2926682867",0
"2427","2505679073",0
"2428","2512564055",0
"2429","2505679075",0
"2430","2913378003",0
"2431","637000161",0
"2432","2630968972",0
"2433","640753034",0
"2434","2814123256",0
"2435","640753036",0
"2436","2918187917",0
"2437","640069317",0
"2438","2791354905",0
"2439","2540341105",0
"2440","640069318",0
"2441","2684622607",0
"2442","2506783068",0
"2443","2887782944",0
"2444","2540341105",0
"2445","2681813007",0
"2446","2739367766",0
"2447","2506783068",0
"2448","2939508084",0
"2449","640069318",0
"2450","2887782944",0
"2451","2634166298",0
"2452","648028039",0
"2453","2914862632",0
"2454","646564550",0
"2455","2914860506",0
"2456","648028040",0
"2457","2913416594",0
"2458","2913348608",0
"2459","2519103099",0
"2460","2515075008",0
"2461","2883920249",0
"2462","2509601008",0
"2463","2939866076",0
"2464","2571042922",0
"2465","2786546529",0
"2466","2947454755",0
"2467","2506381025",0
"2468","648028040",0
"2469","638154507",0
"2470","2508501105",0
"2471","2502790017",0
"2472","638154508",0
"2473","2630968729",0
"2474","2651869834",0
"2475","2684622506",0
"2476","2627853861",0
"2477","2651869866",0
"2478","2791355116",0
"2479","2636415612",0
"2480","2648501188",0
"2481","2802429591",0
"2482","637000163",0
"2483","2757320366",0
"2484","648028041",0
"2485","638154510",0
"2486","650716055",0
"2487","2519103186",0
"2488","649633067",0
"2489","2802429432",0
"2490","637000165",0
"2491","2585427884",0
"2492","2657245330",0
"2493","2517287034",0
"2494","648276688",0
"2495","2582581870",0
"2496","644736387",0
"2497","2829760844",0
"2498","2756170276",0
"2499","2829766573",0
"2500","2829745981",0
"2501","2861691609",0
"2502","2832923104",0
"2503","2510065046",0
"2504","2675903028",0
"2505","643348565",0
"2506","2548876819",0
"2507","2516653063",0
"2508","2675903437",0
"2509","2524614657",0
"2510","2574179779",0
"2511","2574179740",1
"2512","2728369704",0
"2513","2744054730",0
"2514","651324072",0
"2515","2512564005",0
"2516","2527291626",0
"2517","2845830360",0
"2518","647533183",0
"2519","2518645588",0
"2520","2517487019",0
"2521","2517093044",0
"2522","2802429333",0
"2523","646564551",0
"2524","2770939601",0
"2525","2516653058",0
"2526","2511231069",0
"2527","2627853600",0
"2528","2877034298",0
"2529","2893677331",0
"2530","2919382452",0
"2531","2893534022",0
"2532","2893536966",0
"2533","2867847951",0
"2534","2671180799",0
"2535","2861987423",0
"2536","2731957680",0
"2537","2630968996",0
"2538","2731957586",0
"2539","2918394494",0
"2540","2831315640",1
"2541","2893531040",0
"2542","2711768172",0
"2543","2818991429",0
"2544","2893586405",0
"2545","2811994985",0
"2546","2585427556",0
"2547","2731957587",0
"2548","2731957588",0
"2549","2918350604",0
"2550","2617271234",0
"2551","2844835074",0
"2552","2731957582",0
"2553","2816332114",0
"2554","2893680751",0
"2555","2870628048",0
"2556","2698536670",0
"2557","2824374264",0
"2558","2734481942",0
"2559","2863380036",0
"2560","2772190709",0
"2561","2773857850",0
"2562","2681812892",0
"2563","2861623431",0
"2564","2802428807",0
"2565","2870801768",0
"2566","2870573580",0
"2567","645951813",0
"2568","2870804320",0
"2569","2893589407",0
"2570","2845000861",0
"2571","650716058",0
"2572","648028042",0
"2573","2617270871",0
"2574","2622736592",0
"2575","2623620611",0
"2576","2623620569",0
"2577","2623620612",0
"2578","2622736604",0
"2579","2623620557",0
"2580","2623620567",0
"2581","2855711692",0
"2582","2585427558",0
"2583","2622736531",0
"2584","2623620396",0
"2585","2636415978",0
"2586","2622736591",0
"2587","2619619047",0
"2588","2619619644",0
"2589","2585427559",0
"2590","2636415968",0
"2591","2622736606",0
"2592","2627854289",0
"2593","2728369162",0
"2594","2622736537",0
"2595","2585427560",0
"2596","2636416073",0
"2597","640196209",0
"2598","2724679246",0
"2599","2772190673",0
"2600","2724679245",0
"2601","2724679248",0
"2602","2731957593",0
"2603","2889606800",0
"2604","2561511231",1
"2605","2751185887",0
"2606","2791355158",0
"2607","2791355167",0
"2608","2890773813",0
"2609","2791355152",0
"2610","648276689",1
"2611","649989974",1
"2612","643886108",1
"2613","2827613928",0
"2614","2964346709",0
"2615","2636415824",1
"2616","2558860283",0
"2617","2651869945",1
"2618","2834890540",1
"2619","2703719206",1
"2620","2902295020",0
"2621","2515154147",0
"2622","2868718361",0
"2623","2582580755",0
"2624","2843587213",0
"2625","2524614551",0
"2626","2847058841",0
"2627","2902284889",0
"2628","2873786040",0
"2629","2876138306",0
"2630","2878536677",0
"2631","2871056431",0
"2632","2731957694",0
"2633","2902266764",0
"2634","2873788312",0
"2635","2878540523",0
"2636","2858172386",0
"2637","2551306474",0
"2638","2639762803",1
"2639","2757320696",0
"2640","2671180021",0
"2641","2894668856",0
"2642","2840458382",0
"2643","2505679007",0
"2644","2835303341",0
"2645","2667527237",0
"2646","2784746785",0
"2647","2784132080",0
"2648","2832382567",0
"2649","2751185700",0
"2650","641522641",0
"2651","2856228341",0
"2652","2619619251",0
"2653","2648501395",0
"2654","645058725",0
"2655","2548876531",0
"2656","2568526319",0
"2657","2630968850",0
"2658","2865532394",0
"2659","2866967103",0
"2660","2645727597",0
"2661","2687453534",0
"2662","2867052265",0
"2663","2734481951",0
"2664","2808606776",0
"2665","2865351897",0
"2666","2865357517",0
"2667","2865363366",0
"2668","2865347724",0
"2669","2609460330",0
"2670","2865192396",0
"2671","2821251827",0
"2672","2706794657",0
"2673","2545555864",0
"2674","2871780381",0
"2675","2645727719",0
"2676","2856852935",0
"2677","2865543863",0
"2678","2865376297",0
"2679","2681813036",0
"2680","2775507220",0
"2681","2687453416",0
"2682","2775507221",0
"2683","645058739",0
"2684","2563366550",0
"2685","2865380423",0
"2686","2617271075",0
"2687","2875591110",0
"2688","2856244778",0
"2689","2600255158",0
"2690","2690315792",0
"2691","2636415843",0
"2692","2865389921",0
"2693","2865573456",0
"2694","647000278",0
"2695","2865418304",0
"2696","2728369596",0
"2697","2865585367",0
"2698","2862123791",0
"2699","2865429847",0
"2700","2865591264",0
"2701","2923412827",0
"2702","2551306423",0
"2703","2600254956",0
"2704","2869221657",0
"2705","2865439911",0
"2706","2519103087",0
"2707","2869196048",0
"2708","2619619252",0
"2709","2865445953",0
"2710","639633044",0
"2711","2811995252",0
"2712","2754412936",0
"2713","646564519",0
"2714","2738541330",0
"2715","646564553",0
"2716","2585428149",0
"2717","2675903698",0
"2718","647000282",0
"2719","2561511236",0
"2720","2512047064",0
"2721","2851289622",0
"2722","2523231014",0
"2723","2874740507",0
"2724","2681812810",0
"2725","2869626849",0
"2726","649633071",0
"2727","2558860179",0
"2728","2574179742",0
"2729","2576861462",0
"2730","2519899818",0
"2731","637000174",0
"2732","2636415531",0
"2733","2859440308",0
"2734","2561511076",0
"2735","2851291046",0
"2736","2561511074",0
"2737","644736392",0
"2738","2545824614",0
"2739","646564554",0
"2740","2627854156",0
"2741","2556921632",0
"2742","2556921631",0
"2743","2561511083",0
"2744","650377959",0
"2745","2651869769",0
"2746","2847356762",0
"2747","638341133",0
"2748","2556921629",0
"2749","646311946",0
"2750","637000179",0
"2751","2519899697",0
"2752","2599185247",0
"2753","2540341221",0
"2754","2561511077",0
"2755","2513237307",0
"2756","649633074",0
"2757","2563366546",0
"2758","2630968951",0
"2759","2574179741",0
"2760","637000180",0
"2761","2558309109",0
"2762","2690315627",0
"2763","2563367049",0
"2764","637000181",0
"2765","2565956532",0
"2766","2523533589",0
"2767","2814123101",0
"2768","2563366544",0
"2769","648231715",0
"2770","2561511078",0
"2771","2511231058",0
"2772","2534682365",0
"2773","2561511095",0
"2774","2556921098",0
"2775","2599185326",0
"2776","2627853883",0
"2777","2773857805",0
"2778","2556921633",0
"2779","2582581322",0
"2780","2838958572",0
"2781","2838948833",0
"2782","2521172697",0
"2783","2619619029",0
"2784","2524614512",0
"2785","644736393",0
"2786","2636416005",0
"2787","2833868136",0
"2788","642555142",1
"2789","2889473178",1
"2790","2531839261",0
"2791","2554235483",0
"2792","2554235476",0
"2793","2531839260",0
"2794","646564555",0
"2795","2554235488",0
"2796","2554235484",0
"2797","2529293001",0
"2798","2537562080",0
"2799","2639762573",0
"2800","2554235502",0
"2801","2811995171",0
"2802","2554235477",0
"2803","2554235493",0
"2804","2506520044",0
"2805","2740891997",0
"2806","2529293002",0
"2807","2540341082",0
"2808","637000187",0
"2809","2554235474",0
"2810","2617270925",0
"2811","2554235497",0
"2812","2636416021",0
"2813","2529293211",0
"2814","2617271265",1
"2815","2896579436",0
"2816","2877225389",0
"2817","2814123399",0
"2818","2831695663",0
"2819","2675903696",0
"2820","2877235250",0
"2821","2770939566",0
"2822","2916530015",0
"2823","2609460158",0
"2824","651324075",0
"2825","2874897852",0
"2826","645058748",0
"2827","2877215797",0
"2828","2869912574",0
"2829","644736395",0
"2830","637000191",0
"2831","2870870664",0
"2832","2856487714",0
"2833","2857419370",0
"2834","2523231050",0
"2835","2795385463",0
"2836","2508501043",1
"2837","637000096",1
"2838","2513020036",0
"2839","637000193",0
"2840","651324076",0
"2841","651324018",0
"2842","637000194",0
"2843","637000197",0
"2844","2585427612",0
"2845","2731957723",0
"2846","2731957722",0
"2847","2770939659",0
"2848","2731957726",0
"2849","2563367077",0
"2850","2856118032",0
"2851","2551306180",0
"2852","2902498892",0
"2853","2713896925",0
"2854","2731957732",0
"2855","2731957731",0
"2856","2627854286",0
"2857","2900422556",0
"2858","2770939491",0
"2859","2681812981",0
"2860","2563367078",0
"2861","2731957737",0
"2862","2770939516",0
"2863","2551306155",0
"2864","2731957739",0
"2865","2808606754",0
"2866","2731957747",0
"2867","2731957745",0
"2868","2731957749",0
"2869","2551306162",0
"2870","2731957751",0
"2871","2900361746",0
"2872","2524614663",0
"2873","2833977688",0
"2874","2841404167",0
"2875","2751185838",0
"2876","2523533541",0
"2877","2524614651",0
"2878","2734481948",0
"2879","2923421364",0
"2880","2844814621",0
"2881","2831307866",0
"2882","2893560988",0
"2883","2734481967",0
"2884","2893566641",0
"2885","2866221110",0
"2886","2687453782",0
"2887","2617270786",1
"2888","2856493217",0
"2889","2551306665",0
"2890","2551306677",0
"2891","2551306672",0
"2892","2551306678",0
"2893","2852736999",0
"2894","646564557",0
"2895","2554235030",0
"2896","2773857897",0
"2897","2554235470",0
"2898","2554235027",0
"2899","2551306680",0
"2900","2554235034",0
"2901","2856454764",0
"2902","2554235031",0
"2903","2554235032",0
"2904","2551306679",0
"2905","2554235028",0
"2906","2554235029",0
"2907","2551306681",0
"2908","2873337989",0
"2909","2873472684",0
"2910","2775506921",0
"2911","2827618455",0
"2912","2775506922",0
"2913","651716968",0
"2914","2808606959",0
"2915","2599185218",0
"2916","2870517152",0
"2917","2870609773",0
"2918","2523533537",0
"2919","2829922874",0
"2920","2775506978",0
"2921","2829799810",0
"2922","651324078",0
"2923","2921275117",0
"2924","2675903438",0
"2925","2802429663",1
"2926","2593339287",0
"2927","2883545381",0
"2928","2788500143",0
"2929","2506520053",0
"2930","637000201",0
"2931","2556921010",0
"2932","2675903151",0
"2933","2523231065",0
"2934","2724679804",0
"2935","2556921622",0
"2936","645058765",0
"2937","2854911287",0
"2938","2830083187",0
"2939","2854869019",0
"2940","2854902268",0
"2941","2510461047",0
"2942","2512564006",0
"2943","2597489884",1
"2944","2515154139",1
"2945","2833465287",1
"2946","2892702859",1
"2947","2893546927",1
"2948","2751185722",1
"2949","2708742390",0
"2950","2681813515",0
"2951","2528311093",1
"2952","2574179706",0
"2953","2515154022",0
"2954","2576861421",0
"2955","2545824540",0
"2956","2923489329",1
"2957","648028047",1
"2958","641522643",1
"2959","2770939645",0
"2960","2516493023",1
"2961","2861591105",1
"2962","2841071530",0
"2963","2814123446",0
"2964","2818991433",0
"2965","2891388395",0
"2966","2775506838",0
"2967","2671180222",0
"2968","2551306563",1
"2969","2770939614",1
"2970","2713896874",1
"2971","2893582668",0
"2972","2918346339",0
"2973","2734481943",0
"2974","2524614879",1
"2975","2827179085",1
"2976","2916373010",1
"2977","2744054795",1
"2978","2770939580",1
"2979","2630968594",1
"2980","2928301709",1
"2981","2770939575",1
"2982","2600255075",1
"2983","648276707",1
"2984","2636415532",1
"2985","2839866320",1
"2986","2926669167",1
"2987","2904143049",1
"2988","2687453498",1
"2989","2571042143",1
"2990","2773857839",1
"2991","2913370050",1
"2992","2849099867",1
"2993","2744054792",1
"2994","2517572189",1
"2995","2675903031",1
"2996","2824364704",1
"2997","2547132099",1
"2998","2537561634",1
"2999","2824357598",1
"3000","2576861424",1
"3001","2517572150",1
"3002","2639763138",1
"3003","2524614883",1
"3004","2907177790",1
"3005","2913360750",1
"3006","2617271335",1
"3007","2571042588",1
"3008","2918409668",0
"3009","2821582892",0
"3010","2537561926",0
"3011","2918371629",0
"3012","2918367102",0
"3013","2923482298",0
"3014","2501025505",1
"3015","2588253738",1
"3016","649633080",1
"3017","2770939604",1
"3018","2524023162",1
"3019","2802429553",1
"3020","2751185664",0
"3021","2814123165",1
"3022","2576861011",1
"3023","2791355168",0
"3024","2791355156",0
"3025","2791355165",0
"3026","2791355166",0
"3027","2876601092",1
"3028","2791355159",0
"3029","2910425090",0
"3030","2871765707",1
"3031","2802429621",0
"3032","2600255084",1
"3033","2844050306",1
"3034","2588254267",0
"3035","2802428855",0
"3036","2832979616",0
"3037","2541047518",1
"3038","2636415977",0
"3039","2617270733",0
"3040","2547132467",0
"3041","2615840720",0
"3042","2597490357",0
"3043","2772190981",0
"3044","2695420926",0
"3045","2713897089",0
"3046","2568526004",1
"3047","2671180369",1
"3048","2770939501",1
"3049","2861602684",0
"3050","2887752426",0
"3051","2513237204",0
"3052","649989980",1
"3053","2503904012",1
"3054","2585427596",0
"3055","641380421",1
"3056","2871322674",1
"3057","647000288",1
"3058","2684623041",1
"3059","2858524007",1
"3060","2869029176",1
"3061","2568526008",0
"3062","2523533522",0
"3063","2784746777",0
"3064","2784746786",1
"3065","2926546190",1
"3066","2627854199",0
"3067","2882508247",0
"3068","2740892408",0
"3069","2740892410",0
"3070","2868927477",1
"3071","2740892407",0
"3072","2630968602",0
"3073","2868941310",0
"3074","2855181498",0
"3075","2871245072",0
"3076","2773857957",0
"3077","2882093621",1
"3078","649989981",1
"3079","2660237910",1
"3080","2675903387",1
"3081","2663762931",1
"3082","2806310833",1
"3083","2775507230",1
"3084","2660238327",1
"3085","2622736459",0
"3086","2622736434",0
"3087","2593339302",0
"3088","644736398",0
"3089","2791355090",0
"3090","649633082",0
"3091","2622736524",0
"3092","2671180221",1
"3093","2910227858",0
"3094","2721755701",1
"3095","637000204",1
"3096","639633050",1
"3097","637000205",0
"3098","642555146",0
"3099","2936230654",0
"3100","2889842500",1
"3101","640427128",1
"3102","2634166305",1
"3103","2503982046",1
"3104","2808606684",1
"3105","2840847127",1
"3106","2928399207",1
"3107","2834194177",1
"3108","2837383163",1
"3109","648276712",1
"3110","2593339281",0
"3111","2828614168",1
"3112","641228500",1
"3113","2515154118",0
"3114","2531839420",0
"3115","2756170237",1
"3116","2690315804",0
"3117","2887118680",1
"3118","2871188807",1
"3119","2868861791",1
"3120","2878592099",1
"3121","2900322015",1
"3122","2671180066",0
"3123","2751185733",0
"3124","2806310509",0
"3125","2802429686",0
"3126","2861520306",0
"3127","2579779151",0
"3128","638154512",0
"3129","2795386136",0
"3130","646311948",0
"3131","2675903545",0
"3132","2675903691",0
"3133","649633083",1
"3134","646564559",1
"3135","640963032",1
"3136","2700988610",0
"3137","2770939644",0
"3138","2775507277",0
"3139","2687453186",0
"3140","2928307406",0
"3141","2563366716",0
"3142","2856635278",0
"3143","2781126045",0
"3144","2744054812",0
"3145","2895256602",0
"3146","2693430036",0
"3147","2839188362",0
"3148","2897653615",0
"3149","2895249441",0
"3150","2788500510",0
"3151","638341152",0
"3152","2895253024",0
"3153","2772190739",0
"3154","2772190760",0
"3155","2808606701",0
"3156","2675903126",0
"3157","2639762516",0
"3158","2517572181",0
"3159","2773857926",0
"3160","2808606694",0
"3161","2634166443",0
"3162","2590828818",0
"3163","2645728114",0
"3164","2844340359",0
"3165","2574179738",0
"3166","2687453598",0
"3167","2608642177",0
"3168","2681812934",0
"3169","2627854003",0
"3170","2630968890",0
"3171","2834962495",0
"3172","2866993168",0
"3173","2751185752",0
"3174","2839482000",0
"3175","2504756018",1
"3176","2585428082",1
"3177","2814123398",1
"3178","2558860281",1
"3179","2582581320",1
"3180","2585428092",1
"3181","643886148",1
"3182","642555148",1
"3183","2515154110",1
"3184","2814123385",1
"3185","2814123386",1
"3186","2602042030",1
"3187","2596583537",0
"3188","2596583529",0
"3189","2596583604",0
"3190","2596583595",0
"3191","2770939488",0
"3192","2865233180",0
"3193","2585427562",0
"3194","2596583569",0
"3195","2827231811",0
"3196","2526164514",1
"3197","2585427893",1
"3198","645951825",1
"3199","647000292",1
"3200","2556921667",1
"3201","648276714",1
"3202","649989986",1
"3203","647000293",1
"3204","2562617166",1
"3205","2585427894",1
"3206","651324087",1
"3207","2906457805",1
"3208","2871815117",1
"3209","2585427897",1
"3210","2903615608",1
"3211","2588253915",1
"3212","648276716",1
"3213","648028051",1
"3214","649989987",1
"3215","2503754046",1
"3216","651324089",1
"3217","649989988",1
"3218","2579778709",1
"3219","2585428083",1
"3220","651324090",1
"3221","2596583684",1
"3222","649989989",1
"3223","2585427909",1
"3224","2513237318",1
"3225","645951840",1
"3226","2600255039",1
"3227","2585427910",1
"3228","2802429456",1
"3229","2507525000",1
"3230","2820964733",1
"3231","2574180451",1
"3232","2524614803",1
"3233","2513237117",1
"3234","2619619216",1
"3235","2518285596",1
"3236","2627853667",1
"3237","649633084",1
"3238","2602041680",1
"3239","2523533551",1
"3240","2523231069",1
"3241","2627853595",1
"3242","2814123534",1
"3243","2574179702",1
"3244","2523533555",1
"3245","2602042026",1
"3246","2585428088",1
"3247","2634166332",1
"3248","2599185173",1
"3249","2574180451",1
"3250","2590828807",0
"3251","2588253518",0
"3252","2596583700",0
"3253","2502376840",0
"3254","2597490370",0
"3255","2599185206",1
"3256","2561511080",1
"3257","643886024",1
"3258","2791354883",1
"3259","2858358578",1
"3260","642979317",1
"3261","2802429662",1
"3262","642979318",1
"3263","2756170245",0
"3264","643348509",0
"3265","2634166282",0
"3266","650377905",0
"3267","2648501281",0
"3268","2847759026",0
"3269","2541047157",0
"3270","2599185267",0
"3271","2627854061",0
"3272","2627853893",0
"3273","2548876785",0
"3274","2728369620",0
"3275","2519899641",0
"3276","2751185891",0
"3277","2541047006",0
"3278","2541047161",0
"3279","2695420353",1
"3280","2596583532",1
"3281","2585428087",1
"3282","2824195264",0
"3283","649633037",1
"3284","2571042916",0
"3285","2784746795",0
"3286","2515154157",1
"3287","2540341170",1
"3288","2775506867",1
"3289","2899427287",0
"3290","2831500320",0
"3291","2923410811",0
"3292","2893672949",0
"3293","2667527847",0
"3294","2687453785",0
"3295","2667527430",0
"3296","2648501814",0
"3297","2875542621",0
"3298","2667527209",0
"3299","2969343799",0
"3300","2713897228",0
"3301","2969338297",0
"3302","2917106160",0
"3303","2671180035",0
"3304","2663763376",0
"3305","2663762783",0
"3306","2639762561",0
"3307","2969310526",0
"3308","2667527233",0
"3309","2713896865",0
"3310","2582581522",0
"3311","2969229168",0
"3312","2639762632",0
"3313","2700989495",0
"3314","2639762757",0
"3315","2627854291",0
"3316","2671180038",0
"3317","2852158739",0
"3318","2522572182",0
"3319","2856837300",0
"3320","2734481963",0
"3321","651053061",0
"3322","2806310577",0
"3323","2667527404",0
"3324","2734481945",0
"3325","2700988696",0
"3326","2832360450",1
"3327","2791355055",1
"3328","641228511",1
"3329","2565956526",1
"3330","2791355052",1
"3331","2503508007",1
"3332","2861528275",0
"3333","2756170258",0
"3334","2531839497",0
"3335","2757320576",0
"3336","2518645613",0
"3337","2528311092",1
"3338","2901228672",0
"3339","2839712622",0
"3340","2891648259",0
"3341","2891687248",0
"3342","2839756524",0
"3343","2756170261",0
"3344","2891629496",0
"3345","638154513",0
"3346","639633053",0
"3347","638154514",1
"3348","638154515",1
"3349","2923400019",0
"3350","2728369542",0
"3351","2505679005",0
"3352","2724679791",0
"3353","2818991314",1
"3354","2843294501",1
"3355","2786546755",0
"3356","644736347",0
"3357","2814123535",0
"3358","2811994875",0
"3359","2791355017",0
"3360","2900298894",0
"3361","2840627797",0
"3362","2524023208",0
"3363","2868629091",0
"3364","641228502",0
"3365","2806310738",0
"3366","640427137",0
"3367","2585427634",0
"3368","2515154134",0
"3369","2513237159",0
"3370","2615840609",0
"3371","2738541312",0
"3372","2861120366",0
"3373","2599185170",0
"3374","2524023199",0
"3375","2828006917",1
"3376","2838091430",0
"3377","2740891825",1
"3378","2593339278",1
"3379","651717148",1
"3380","2595699009",1
"3381","2887616557",1
"3382","2831495660",1
"3383","2706794915",0
"3384","2903948744",0
"3385","2744054539",0
"3386","2731957591",0
"3387","2731957592",0
"3388","2711768092",0
"3389","2925079109",0
"3390","2734481939",0
"3391","2904736187",0
"3392","2734481955",0
"3393","2693429870",0
"3394","2744054611",0
"3395","2675903021",0
"3396","2938263427",0
"3397","2867152395",0
"3398","2744054613",0
"3399","2744054614",0
"3400","2744054615",0
"3401","2744054616",0
"3402","2772190761",0
"3403","2826464033",0
"3404","2814123366",0
"3405","2903944193",0
"3406","2877041364",0
"3407","2563367138",0
"3408","2867146388",0
"3409","2867071599",0
"3410","2838095286",0
"3411","2894787282",1
"3412","2882395943",0
"3413","2751185588",0
"3414","2504643007",0
"3415","2883839403",0
"3416","2576861659",0
"3417","649633090",0
"3418","2519899653",0
"3419","2831737867",0
"3420","637000236",0
"3421","2891191727",0
"3422","2893020018",0
"3423","2891101655",0
"3424","2926575101",0
"3425","2926581363",0
"3426","2516653006",1
"3427","2861707373",0
"3428","2841901924",0
"3429","2831947122",0
"3430","2675903020",0
"3431","637000241",1
"3432","2838098893",0
"3433","646311949",0
"3434","2516653055",0
"3435","2795385465",1
"3436","2795385447",1
"3437","2894590789",0
"3438","2687453592",1
"3439","2744055005",0
"3440","2802429295",0
"3441","637000242",0
"3442","637000243",0
"3443","637000244",0
"3444","650716082",0
"3445","2548877054",0
"3446","2558860235",0
"3447","641228503",0
"3448","2541047049",0
"3449","640753046",0
"3450","638341178",0
"3451","2511231061",0
"3452","2617271228",0
"3453","637000246",0
"3454","2834954086",0
"3455","2832823480",1
"3456","646311950",0
"3457","2788500309",1
"3458","2651869757",1
"3459","2791354954",1
"3460","2788500311",1
"3461","2791354947",1
"3462","2836830276",1
"3463","640753047",0
"3464","2920144799",0
"3465","2690315921",0
"3466","2770939505",0
"3467","2593339280",0
"3468","2651870325",0
"3469","2811995049",0
"3470","2654587904",0
"3471","2651870326",0
"3472","2563367175",0
"3473","2675903164",0
"3474","639633056",0
"3475","2510065042",0
"3476","2513237333",0
"3477","2911330653",0
"3478","2838110688",0
"3479","2838118685",0
"3480","2675903017",0
"3481","2619619026",0
"3482","2806310706",1
"3483","649633093",1
"3484","645058800",1
"3485","2524614511",0
"3486","2831401355",0
"3487","2889758533",0
"3488","2731957971",0
"3489","2887592959",0
"3490","2889651518",0
"3491","2524614851",0
"3492","2505679031",0
"3493","637000248",0
"3494","647533208",0
"3495","637000267",0
"3496","2724679119",0
"3497","2556921656",1
"3498","2529293168",1
"3499","643348528",1
"3500","2711768659",1
"3501","645058763",1
"3502","2599185205",1
"3503","2595698241",1
"3504","649633094",1
"3505","2888042986",1
"3506","2857962555",1
"3507","2597490297",1
"3508","2546825524",1
"3509","640963057",1
"3510","2773857866",1
"3511","643886199",1
"3512","642791604",1
"3513","640963024",1
"3514","2524023161",1
"3515","640963025",1
"3516","2827964551",0
"3517","2527291724",0
"3518","2824486690",0
"3519","2508501044",0
"3520","2508501013",0
"3521","2508501119",0
"3522","2517093017",0
"3523","2508501012",0
"3524","2510461000",0
"3525","2517093016",0
"3526","644736404",0
"3527","2509276054",0
"3528","2627854288",0
"3529","647000310",0
"3530","2599185150",0
"3531","2597490365",0
"3532","2856425837",0
"3533","2667527438",0
"3534","2775506925",0
"3535","2579778685",0
"3536","2671180068",0
"3537","2634166199",0
"3538","2893654320",0
"3539","2757320518",0
"3540","2918321734",0
"3541","2540341184",0
"3542","2919027109",0
"3543","2563366683",0
"3544","2751185736",0
"3545","2784132178",0
"3546","640612219",0
"3547","2781126055",0
"3548","2593339299",0
"3549","2886991845",0
"3550","637000250",0
"3551","2839424328",0
"3552","2786546135",0
"3553","2894375665",0
"3554","2882440119",0
"3555","2882436180",0
"3556","2882443669",0
"3557","2894362263",0
"3558","2884254640",0
"3559","2882432157",0
"3560","2882447294",0
"3561","2900689798",0
"3562","2894301683",0
"3563","2788499920",0
"3564","2562617193",0
"3565","2556921662",1
"3566","2548876908",0
"3567","640427140",0
"3568","2831569132",0
"3569","2773857854",1
"3570","2890278133",0
"3571","2675903018",0
"3572","2890125685",0
"3573","2615840712",0
"3574","648276709",0
"3575","2523231081",0
"3576","2619618962",0
"3577","2630968259",1
"3578","2615840719",0
"3579","2861401915",0
"3580","2517093009",0
"3581","2627853609",1
"3582","646564565",1
"3583","2731957599",1
"3584","647533207",1
"3585","2513237114",0
"3586","2648501326",0
"3587","2832556195",0
"3588","2770939492",0
"3589","2844605367",0
"3590","2582581261",1
"3591","2515154143",0
"3592","646311952",1
"3593","2596583544",1
"3594","2716884860",1
"3595","2728369508",1
"3596","2562617189",0
"3597","2695420940",0
"3598","2582581323",0
"3599","2518645620",1
"3600","645058738",1
"3601","2513237316",1
"3602","645951808",1
"3603","2593339219",1
"3604","645951802",1
"3605","640612219",0
"3606","2547132148",0
"3607","2866606316",0
"3608","2627853598",0
"3609","2524614805",0
"3610","2795386145",1
"3611","2636415821",1
"3612","2563366574",1
"3613","2937699850",1
"3614","647000312",1
"3615","2645727870",1
"3616","2568526028",0
"3617","2518645527",0
"3618","2855995563",0
"3619","2545555858",0
"3620","637000258",0
"3621","641228508",0
"3622","646564568",1
"3623","641522649",0
"3624","2850761752",1
"3625","2916533085",1
"3626","2859793810",1
"3627","2872158770",1
"3628","643886070",1
"3629","2816332137",0
"3630","650716085",0
"3631","2808606660",0
"3632","2562617187",0
"3633","2556921602",0
"3634","2548876970",0
"3635","2512047086",0
"3636","2728369612",0
"3637","2918445941",0
"3638","2731957601",0
"3639","645951837",0
"3640","644736405",1
"3641","2519103184",0
"3642","2728369525",1
"3643","2571042347",1
"3644","2561511137",1
"3645","2841463281",1
"3646","648276636",1
"3647","644736352",1
"3648","2737471645",0
"3649","2856626968",0
"3650","2516653028",0
"3651","2863055337",0
"3652","2775506859",0
"3653","2955948729",1
"3654","650377973",1
"3655","2835068654",1
"3656","2508501070",1
"3657","2597490344",0
"3658","2773857900",0
"3659","2571042348",0
"3660","2596583573",0
"3661","2849498117",0
"3662","2731957697",0
"3663","2881008736",0
"3664","2651869801",0
"3665","2554235176",0
"3666","2636415887",0
"3667","2802429338",0
"3668","2899673711",0
"3669","2596583600",0
"3670","2885169548",0
"3671","2808606815",0
"3672","2775507255",0
"3673","2582580885",0
"3674","2828637024",0
"3675","2791355089",0
"3676","2558860245",0
"3677","2830069742",0
"3678","2855442136",0
"3679","2571042663",0
"3680","2828330628",0
"3681","2828337626",0
"3682","2563367137",0
"3683","2537561796",0
"3684","2828624843",0
"3685","2740892601",0
"3686","2576861403",0
"3687","2829811004",0
"3688","2740891891",0
"3689","2830088248",0
"3690","2829818831",0
"3691","2547132141",0
"3692","2879151112",0
"3693","2740891824",0
"3694","2874729722",0
"3695","2708742536",0
"3696","2524614649",0
"3697","2830075706",0
"3698","2829822250",1
"3699","2706794917",0
"3700","2828301124",0
"3701","2896432115",0
"3702","2876844424",0
"3703","2751185897",0
"3704","2828460860",0
"3705","2574179733",0
"3706","2829783330",0
"3707","640427144",0
"3708","2828620820",0
"3709","2828398746",0
"3710","2828417763",1
"3711","2524614570",0
"3712","2706795030",0
"3713","2636415409",0
"3714","2828641578",0
"3715","2898509942",0
"3716","2891043609",0
"3717","2558309070",0
"3718","2923602881",0
"3719","2751185672",0
"3720","2509276057",1
"3721","2515154091",1
"3722","2706795025",1
"3723","2518645589",1
"3724","2505679006",1
"3725","2526164518",1
"3726","2503904012",1
"3727","2861426075",1
"3728","648028052",1
"3729","2506381022",1
"3730","2843673047",1
"3731","2563366575",1
"3732","2639762768",1
"3733","2648501470",1
"3734","2554235371",1
"3735","2751185804",1
"3736","2802429649",1
"3737","2791355056",1
"3738","2558860239",1
"3739","2554235383",1
"3740","2630968436",1
"3741","2791355057",1
"3742","2843679700",1
"3743","2791355054",1
"3744","2636415681",1
"3745","2558860251",1
"3746","2791355053",1
"3747","2558860238",1
"3748","2554235381",1
"3749","2561511192",1
"3750","2651869855",1
"3751","646311954",0
"3752","2574180449",1
"3753","2585428081",1
"3754","2516653049",0
"3755","2585428085",1
"3756","2554235469",1
"3757","2597490367",1
"3758","2711768088",1
"3759","2835150038",0
"3760","2622736529",0
"3761","2579778983",0
"3762","2835173708",0
"3763","2654587921",0
"3764","2645728028",0
"3765","2849954708",0
"3766","2523533529",0
"3767","646564571",0
"3768","2737471612",0
"3769","2917488298",1
"3770","2654587978",1
"3771","2724678964",1
"3772","2917448220",1
"3773","2917453476",1
"3774","2917477538",1
"3775","2917450786",1
"3776","2917461297",1
"3777","2917469366",1
"3778","2811995276",1
"3779","2917485323",1
"3780","2969589784",1
"3781","2936649657",1
"3782","2917434650",1
"3783","2917496769",1
"3784","2917442331",1
"3785","2928989275",1
"3786","637000284",1
"3787","2917424509",1
"3788","2957167896",1
"3789","2936677875",1
"3790","2917474615",1
"3791","2917463979",1
"3792","640069332",0
"3793","639857019",0
"3794","2524614815",0
"3795","648028054",0
"3796","2788499841",0
"3797","2883517513",0
"3798","2751185769",0
"3799","2850698245",0
"3800","2713896755",0
"3801","2977344546",0
"3802","651716781",0
"3803","2681813364",1
"3804","2724679071",1
"3805","646311956",1
"3806","2713897256",1
"3807","2837113719",1
"3808","2537561940",1
"3809","651324100",1
"3810","649990003",1
"3811","2528311138",1
"3812","2537561968",1
"3813","2512047072",1
"3814","649990004",1
"3815","2529292875",1
"3816","2684622844",1
"3817","649990006",1
"3818","2515154024",1
"3819","2928547191",1
"3820","2599185152",1
"3821","2823469221",1
"3822","2524614633",1
"3823","641736171",1
"3824","649990007",1
"3825","2541047048",1
"3826","2917313891",1
"3827","2969619925",1
"3828","2534682100",1
"3829","2541047083",1
"3830","648276739",1
"3831","650716089",1
"3832","651324103",1
"3833","649990011",1
"3834","2645727566",1
"3835","2808606634",1
"3836","2972125074",1
"3837","2534682097",1
"3838","2687453658",1
"3839","2531839560",1
"3840","2636415646",1
"3841","2563366731",1
"3842","2917285515",1
"3843","2870424623",1
"3844","2512047075",1
"3845","649990016",1
"3846","2627854128",0
"3847","2867995764",0
"3848","2773857969",0
"3849","2582581335",0
"3850","2811995181",0
"3851","2863249894",0
"3852","2765236041",0
"3853","2862666418",0
"3854","2734481983",0
"3855","2765236029",0
"3856","2563366686",0
"3857","2791355416",0
"3858","2657245540",0
"3859","2873063797",0
"3860","2734481988",0
"3861","2862328301",0
"3862","2811995169",0
"3863","2877698364",0
"3864","2818991273",0
"3865","2919853476",0
"3866","2767802111",0
"3867","2857435884",0
"3868","637000304",0
"3869","637000304",0
"3870","2913541555",0
"3871","2775507102",0
"3872","2860667798",0
"3873","2765236012",0
"3874","2671180271",0
"3875","2772190667",0
"3876","2582581650",0
"3877","2791355427",0
"3878","2551306667",0
"3879","2775507090",0
"3880","2582581442",0
"3881","2806311026",0
"3882","2873322191",0
"3883","2806310714",0
"3884","2863276171",0
"3885","2861171287",0
"3886","2684622646",0
"3887","2818991476",0
"3888","2767802077",0
"3889","2775507093",0
"3890","2767802113",0
"3891","2734481989",0
"3892","651717145",0
"3893","2775507082",0
"3894","2918290305",0
"3895","2684622644",0
"3896","2811995316",0
"3897","2918298223",0
"3898","651324105",0
"3899","2916807726",0
"3900","2867977797",0
"3901","2775507096",0
"3902","2870737383",0
"3903","651717160",0
"3904","2767802078",0
"3905","2671180628",0
"3906","2923609139",0
"3907","2724679178",0
"3908","2734481941",0
"3909","2775507104",0
"3910","2863298641",0
"3911","2863240559",0
"3912","2663762722",0
"3913","2630968997",0
"3914","2863257063",0
"3915","2811995077",0
"3916","2522572192",0
"3917","2767802003",0
"3918","2563366704",0
"3919","2775507083",0
"3920","2775507080",0
"3921","2690316259",0
"3922","2767802092",0
"3923","2811995326",0
"3924","651716766",0
"3925","2862407089",0
"3926","2554235391",0
"3927","2852152698",0
"3928","645058824",0
"3929","2663763463",0
"3930","2806311005",0
"3931","2913531621",0
"3932","2772190672",0
"3933","2765236023",0
"3934","2660238121",0
"3935","2913524612",0
"3936","2802429330",0
"3937","2775507132",0
"3938","2863283106",0
"3939","2923575836",0
"3940","651716785",0
"3941","2667527439",0
"3942","2866725952",0
"3943","2926774088",0
"3944","2657245138",0
"3945","2791355428",0
"3946","2765236007",0
"3947","651716764",0
"3948","2660238718",0
"3949","2563366701",0
"3950","2734481950",0
"3951","2775507103",0
"3952","2872777253",0
"3953","2775507133",0
"3954","2734481984",0
"3955","2870774733",0
"3956","651717112",0
"3957","2767802054",0
"3958","2634166371",0
"3959","2675903513",0
"3960","2912640942",0
"3961","2767802018",0
"3962","2734481985",0
"3963","2537561865",0
"3964","2775507124",0
"3965","2795385503",0
"3966","2734481987",0
"3967","2863263905",0
"3968","651716940",0
"3969","2765236011",0
"3970","2811995186",0
"3971","651716881",0
"3972","2563366707",0
"3973","2602042089",0
"3974","2765235994",0
"3975","2773857985",0
"3976","2775507097",0
"3977","2863271063",0
"3978","2862619375",0
"3979","2563366709",0
"3980","2861534081",0
"3981","2667527448",0
"3982","2582581452",0
"3983","2867727567",0
"3984","2734481990",0
"3985","2873306619",0
"3986","2862657943",0
"3987","2775507092",0
"3988","2862650393",0
"3989","2690316023",0
"3990","2693429651",0
"3991","2565956830",0
"3992","2791355413",0
"3993","2775507094",0
"3994","2767802041",0
"3995","2582581448",0
"3996","2767802104",0
"3997","2663762755",0
"3998","2791355411",0
"3999","2791355414",0
"4000","2772190658",0
"4001","2806310739",0
"4002","2582581347",0
"4003","2816332582",0
"4004","2862413135",0
"4005","2811995172",0
"4006","2671180039",0
"4007","2868108522",0
"4008","2916777264",0
"4009","2765236016",0
"4010","2563366712",0
"4011","2548876818",0
"4012","2868405050",0
"4013","2863231158",0
"4014","2775507106",0
"4015","2811995187",0
"4016","2724679249",0
"4017","2873412701",0
"4018","2518645610",0
"4019","2918380080",0
"4020","2731957845",0
"4021","2928337282",0
"4022","2791355425",0
"4023","2791355423",0
"4024","2765236014",0
"4025","2524023215",0
"4026","2872942632",0
"4027","2582581670",0
"4028","2767802108",0
"4029","2824309123",0
"4030","2775507105",0
"4031","2806311004",0
"4032","2724678979",0
"4033","2765235995",0
"4034","2775507085",0
"4035","2667527441",0
"4036","2574179744",0
"4037","2765235991",0
"4038","2775507095",0
"4039","646311958",0
"4040","2562617078",1
"4041","2832552210",0
"4042","2893543475",0
"4043","2654588123",1
"4044","2522125086",1
"4045","2517093043",1
"4046","2585428075",1
"4047","2619619004",0
"4048","2734482289",0
"4049","2622736431",0
"4050","2506520015",0
"4051","2506210005",0
"4052","638154517",0
"4053","2681813025",0
"4054","2681813032",0
"4055","2531839478",0
"4056","2784746784",0
"4057","2524614541",0
"4058","2506783064",1
"4059","646311960",1
"4060","2831780769",1
"4061","2808606924",1
"4062","2622736413",1
"4063","649633098",1
"4064","637000316",0
"4065","646564577",1
"4066","637000317",1
"4067","2634166346",1
"4068","2645727977",0
"4069","2757320934",1
"4070","2636416092",1
"4071","2671180926",1
"4072","2791354942",1
"4073","2886538993",0
"4074","2739368073",0
"4075","2568526045",0
"4076","2840679509",0
"4077","2795385469",0
"4078","2784746801",0
"4079","650716094",1
"4080","2814123063",1
"4081","2585428175",1
"4082","2585428065",1
"4083","2770939514",0
"4084","2886574558",0
"4085","2886612623",0
"4086","2784746798",0
"4087","2524023151",0
"4088","2615840611",0
"4089","2778260946",0
"4090","2510461070",0
"4091","649633100",0
"4092","2523533530",0
"4093","2585427598",0
"4094","2835202559",1
"4095","2836819050",1
"4096","2600254961",0
"4097","2636416099",0
"4098","2630968945",0
"4099","2861573552",0
"4100","2824388614",0
"4101","2791355019",0
"4102","2651870126",0
"4103","2556921623",0
"4104","2751185772",0
"4105","2579778713",0
"4106","2788500172",1
"4107","2788500171",1
"4108","2546826730",1
"4109","649633101",0
"4110","2509601029",0
"4111","2503538017",1
"4112","646311961",1
"4113","2508501068",1
"4114","2516493021",1
"4115","2547132462",0
"4116","2523533554",0
"4117","2784132173",0
"4118","2616644978",0
"4119","649633102",1
"4120","2841155221",1
"4121","646564579",1
"4122","2627853919",1
"4123","646564580",1
"4124","641522655",1
"4125","2509276025",1
"4126","2728369665",1
"4127","2504756058",1
"4128","2510065085",1
"4129","648028060",1
"4130","2861644854",1
"4131","650716095",1
"4132","2839655373",0
"4133","2681813022",0
"4134","2806310643",0
"4135","2681812991",0
"4136","2758568020",1
"4137","2758568023",1
"4138","2513237398",1
"4139","2758568025",1
"4140","2681813028",1
"4141","2913342618",1
"4142","2547132157",1
"4143","2513237122",0
"4144","2513237119",0
"4145","2523533580",0
"4146","2505119042",0
"4147","2786546166",0
"4148","2588253728",1
"4149","2523533618",1
"4150","2504756006",0
"4151","2599185149",0
"4152","2529292556",1
"4153","643348581",1
"4154","639633064",0
"4155","2728369217",0
"4156","2600255258",0
"4157","2675903228",0
"4158","2140918011",1
"4159","2890165298",0
"4160","2561511072",0
"4161","2757320777",1
"4162","2831455154",1
"4163","2597490378",0
"4164","2788499848",0
"4165","2784746806",0
"4166","2634166206",0
"4167","646311963",0
"4168","2827979017",0
"4169","2523533595",0
"4170","638154521",0
"4171","2818991417",0
"4172","2599185220",1
"4173","648028061",0
"4174","2565957142",1
"4175","2517572017",1
"4176","640753057",1
"4177","646564583",1
"4178","2588253519",0
"4179","2724679642",0
"4180","2585428064",0
"4181","2687453609",1
"4182","646311964",1
"4183","643348584",1
"4184","640427150",1
"4185","2579778517",0
"4186","2522572193",0
"4187","2648501156",0
"4188","2617270932",0
"4189","2639763100",0
"4190","2515154172",0
"4191","2524614852",0
"4192","2728369690",0
"4193","2515154080",0
"4194","2687453502",0
"4195","2518645614",0
"4196","637000323",0
"4197","2899100019",0
"4198","2834709264",0
"4199","2515154078",0
"4200","2515154076",0
"4201","2765235835",0
"4202","2778260931",0
"4203","2684622843",0
"4204","2508501051",0
"4205","2506783059",0
"4206","2786546142",0
"4207","2595698212",0
"4208","2537562247",0
"4209","2540341246",0
"4210","2565957139",0
"4211","2788499856",0
"4212","2509276036",0
"4213","2585428147",0
"4214","2506520049",0
"4215","2651870111",1
"4216","2651870112",1
"4217","2651869947",0
"4218","2832346034",0
"4219","2588253800",1
"4220","650716099",1
"4221","2582581319",1
"4222","650716100",1
"4223","637000327",1
"4224","2600254996",1
"4225","2541046974",1
"4226","2582581326",1
"4227","650716102",1
"4228","2630968369",1
"4229","2861310463",0
"4230","2509276055",1
"4231","2504557012",1
"4232","2585428117",0
"4233","2619618822",1
"4234","2619618823",1
"4235","646564586",1
"4236","2923491830",1
"4237","2867050372",1
"4238","2923644855",1
"4239","2824226513",1
"4240","646564587",0
"4241","2667527863",0
"4242","2700989555",0
"4243","2700989556",0
"4244","2675903619",0
"4245","2639762617",0
"4246","2623620536",0
"4247","2757320705",1
"4248","2802429309",0
"4249","2565956531",0
"4250","641522658",0
"4251","645951872",0
"4252","2861563776",0
"4253","2887071027",1
"4254","2894104560",0
"4255","2770939496",0
"4256","2894100150",0
"4257","2847159969",1
"4258","2868209962",1
"4259","2838785244",1
"4260","643886074",1
"4261","2526164510",1
"4262","647000331",1
"4263","2868207868",1
"4264","2814123218",1
"4265","641736179",1
"4266","2786546143",1
"4267","2667527764",1
"4268","2875345634",1
"4269","2556921658",1
"4270","647000291",1
"4271","2639763116",1
"4272","2718218390",1
"4273","647000337",1
"4274","2916722216",1
"4275","2667527887",1
"4276","647000258",1
"4277","2512047077",1
"4278","647000339",1
"4279","2811995373",1
"4280","2690315860",1
"4281","2512047078",1
"4282","2513237346",1
"4283","647000342",1
"4284","2916730169",1
"4285","2850901066",1
"4286","2627854020",1
"4287","2897848256",1
"4288","650633000",1
"4289","2728369661",0
"4290","2681813560",0
"4291","2627853707",0
"4292","2521172651",0
"4293","2756170386",0
"4294","2802428817",1
"4295","648028062",0
"4296","2681813013",0
"4297","2791354985",0
"4298","646564588",0
"4299","2660238305",1
"4300","2690315969",1
"4301","2700989265",1
"4302","2671181108",1
"4303","645058793",1
"4304","2849979616",1
"4305","2690315949",1
"4306","2596583530",0
"4307","2770939552",0
"4308","2756170164",0
"4309","2596583531",0
"4310","2781125608",0
"4311","2596583524",0
"4312","2910973297",0
"4313","2545824761",0
"4314","2634166307",0
"4315","2772190802",0
"4316","637000341",0
"4317","2829740473",0
"4318","2596583657",0
"4319","2928293015",0
"4320","2894340795",0
"4321","2772190764",0
"4322","2630968353",0
"4323","2721755479",0
"4324","2897667629",1
"4325","2728369481",0
"4326","2509276029",1
"4327","2734481968",1
"4328","2645728018",0
"4329","2524614768",0
"4330","645058792",1
"4331","638341238",1
"4332","638341240",1
"4333","645058790",1
"4334","638341241",1
"4335","2844429765",1
"4336","645058789",1
"4337","645058791",1
"4338","2806310639",0
"4339","2588253791",1
"4340","2695420968",0
"4341","2731639257",0
"4342","2681812930",0
"4343","2770939487",0
"4344","2619619642",0
"4345","2521172635",0
"4346","2548877000",0
"4347","2831716260",0
"4348","2806310507",0
"4349","2619618939",0
"4350","2910286357",0
"4351","2619619092",0
"4352","2910277695",0
"4353","2681813510",0
"4354","2596583626",0
"4355","2518645621",1
